original_index,class,filename
11,ambulance,200771627.jpg
15,ambulance,203539792.jpg
17,ambulance,206174864.jpg
18,ambulance,207226876.jpg
20,ambulance,208738861.jpg
21,ambulance,209258888.jpg
22,ambulance,209524502.jpg
28,ambulance,211531125.jpg
41,ambulance,212836783.jpg
42,ambulance,212921984.jpg
43,ambulance,213029149.jpg
50,ambulance,213495669.jpg
54,ambulance,214162077.jpg
68,ambulance,214641358.jpg
85,ambulance,215767078.jpg
89,ambulance,215784252.jpg
92,ambulance,215818698.jpg
93,ambulance,215890423.jpg
94,ambulance,215922180.jpg
99,ambulance,216018033.jpg
102,ambulance,216029056.jpg
105,ambulance,216050566.jpg
107,ambulance,216066730.jpg
112,ambulance,216128960.jpg
113,ambulance,216143298.jpg
114,ambulance,216146573.jpg
115,ambulance,216152703.jpg
122,ambulance,216235901.jpg
129,ambulance,216447391.jpg
130,ambulance,216527609.jpg
134,ambulance,216657889.jpg
138,ambulance,216702100.jpg
144,ambulance,216780041.jpg
150,ambulance,216864213.jpg
156,ambulance,217037450.jpg
159,ambulance,217088412.jpg
162,ambulance,217155355.jpg
168,ambulance,217219997.jpg
174,ambulance,217323165.jpg
175,ambulance,217323781.jpg
176,ambulance,217324168.jpg
182,ambulance,217477279.jpg
183,ambulance,217477434.jpg
189,ambulance,217541742.jpg
190,ambulance,217570069.jpg
194,ambulance,217652202.jpg
196,ambulance,217696116.jpg
198,ambulance,217727567.jpg
200,ambulance,217785400.jpg
201,ambulance,217813096.jpg
203,ambulance,217825810.jpg
210,ambulance,218069485.jpg
214,ambulance,218119796.jpg
215,ambulance,218153518.jpg
219,ambulance,218191394.jpg
220,ambulance,218193739.jpg
224,ambulance,218244029.jpg
228,ambulance,218289823.jpg
233,ambulance,218339551.jpg
242,ambulance,218676611.jpg
246,ambulance,218771670.jpg
248,ambulance,218786704.jpg
249,ambulance,218808822.jpg
260,ambulance,218975756.jpg
263,ambulance,219023494.jpg
265,ambulance,219035975.jpg
267,ambulance,219046558.jpg
273,ambulance,219078591.jpg
275,ambulance,219103658.jpg
277,ambulance,219123929.jpg
278,autobus,193143598.jpg
279,autobus,193229239.jpg
280,autobus,193247490.jpg
281,autobus,193597587.jpg
282,autobus,193813673.jpg
283,autobus,193913981.jpg
284,autobus,193937509.jpg
285,autobus,194264789.jpg
286,autobus,194279229.jpg
287,autobus,194458934.jpg
288,autobus,194603835.jpg
289,autobus,195327944.jpg
290,autobus,195353874.jpg
291,autobus,195459397.jpg
292,autobus,195577230.jpg
293,autobus,195928852.jpg
294,autobus,195938542.jpg
295,autobus,196077431.jpg
296,autobus,196191533.jpg
297,autobus,196513999.jpg
298,autobus,196526860.jpg
299,autobus,196595859.jpg
300,autobus,196745624.jpg
301,autobus,197162771.jpg
302,autobus,197331533.jpg
303,autobus,198131550.jpg
304,autobus,198261344.jpg
305,autobus,198272507.jpg
306,autobus,198385240.jpg
307,autobus,198389317.jpg
308,autobus,198451326.jpg
309,autobus,198462591.jpg
310,autobus,198480054.jpg
311,autobus,198481791.jpg
312,autobus,198482481.jpg
313,autobus,198539778.jpg
314,autobus,198693556.jpg
315,autobus,198756999.jpg
316,autobus,199033958.jpg
317,autobus,199176140.jpg
318,autobus,199209846.jpg
319,autobus,199713076.jpg
320,autobus,199917107.jpg
321,autobus,199961601.jpg
322,autobus,199993161.jpg
323,autobus,200139637.jpg
324,autobus,200168649.jpg
325,autobus,200600907.jpg
326,autobus,200699667.jpg
327,autobus,202162316.jpg
328,autobus,205052162.jpg
329,autobus,205169590.jpg
330,autobus,205217960.jpg
331,autobus,205343679.jpg
332,autobus,205990197.jpg
333,autobus,208014403.jpg
334,autobus,208843464.jpg
335,autobus,208876395.jpg
336,autobus,209038128.jpg
337,autobus,209214397.jpg
338,autobus,209549928.jpg
339,autobus,210000620.jpg
340,autobus,210036680.jpg
341,autobus,210100636.jpg
342,autobus,210108251.jpg
343,autobus,210184901.jpg
344,autobus,210391171.jpg
345,autobus,210452880.jpg
346,autobus,210750784.jpg
347,autobus,210758346.jpg
348,autobus,210882256.jpg
349,autobus,210906540.jpg
350,autobus,210955520.jpg
351,autobus,211087357.jpg
352,autobus,211222927.jpg
353,autobus,211425528.jpg
354,autobus,211692128.jpg
355,autobus,211794766.jpg
356,autobus,211954710.jpg
357,autobus,212025778.jpg
358,autobus,212480589.jpg
359,autobus,212513253.jpg
360,autobus,212866341.jpg
361,autobus,212950745.jpg
362,autobus,213351498.jpg
363,autobus,213387462.jpg
364,autobus,213441216.jpg
365,autobus,213497548.jpg
366,autobus,213512673.jpg
367,autobus,213538203.jpg
368,autobus,213748478.jpg
369,autobus,213843804.jpg
370,autobus,213844436.jpg
371,autobus,214187028.jpg
372,autobus,214366235.jpg
373,autobus,214366241.jpg
374,autobus,214524163.jpg
375,autobus,214543193.jpg
376,autobus,214619456.jpg
377,autobus,214640760.jpg
378,autobus,214708296.jpg
379,autobus,214742657.jpg
380,autobus,214743978.jpg
381,autobus,214775316.jpg
382,autobus,214778708.jpg
383,autobus,214799092.jpg
384,autobus,214839567.jpg
385,autobus,215033304.jpg
386,autobus,215062637.jpg
387,autobus,215071661.jpg
388,autobus,215123839.jpg
389,autobus,215129619.jpg
390,autobus,215161403.jpg
391,autobus,215186162.jpg
392,autobus,215468137.jpg
393,autobus,215504509.jpg
394,autobus,215587537.jpg
395,autobus,215604362.jpg
396,autobus,215642404.jpg
397,autobus,215646286.jpg
398,autobus,215647197.jpg
399,autobus,215655037.jpg
400,autobus,215679623.jpg
401,autobus,215685399.jpg
402,autobus,215686284.jpg
403,autobus,215687278.jpg
404,autobus,215700578.jpg
405,autobus,215710729.jpg
406,autobus,215713565.jpg
407,autobus,215792010.jpg
408,autobus,215821118.jpg
409,autobus,215825621.jpg
410,autobus,215825639.jpg
411,autobus,215825871.jpg
412,autobus,215829949.jpg
413,autobus,215856085.jpg
414,autobus,215856791.jpg
415,autobus,215865757.jpg
416,autobus,215865900.jpg
417,autobus,215893121.jpg
418,autobus,215918108.jpg
419,autobus,215943907.jpg
420,autobus,215981206.jpg
421,autobus,215989839.jpg
422,autobus,215993552.jpg
423,autobus,215999914.jpg
424,autobus,216010159.jpg
425,autobus,216016488.jpg
426,autobus,216021441.jpg
427,autobus,216034928.jpg
428,autobus,216037448.jpg
429,autobus,216041425.jpg
430,autobus,216060637.jpg
431,autobus,216072125.jpg
432,autobus,216079914.jpg
433,autobus,216084543.jpg
434,autobus,216086020.jpg
435,autobus,216086152.jpg
436,autobus,216086604.jpg
437,autobus,216103002.jpg
438,autobus,216114758.jpg
439,autobus,216141785.jpg
440,autobus,216143998.jpg
441,autobus,216158622.jpg
442,autobus,216159953.jpg
443,autobus,216162374.jpg
444,autobus,216169980.jpg
445,autobus,216171296.jpg
446,autobus,216176130.jpg
447,autobus,216198078.jpg
448,autobus,216237770.jpg
449,autobus,216240222.jpg
450,autobus,216240847.jpg
451,autobus,216256289.jpg
452,autobus,216261915.jpg
453,autobus,216262792.jpg
454,autobus,216264423.jpg
455,autobus,216265509.jpg
456,autobus,216269810.jpg
457,autobus,216273878.jpg
458,autobus,216275103.jpg
459,autobus,216277099.jpg
460,autobus,216279911.jpg
461,autobus,216282397.jpg
462,autobus,216283106.jpg
463,autobus,216293919.jpg
464,autobus,216324107.jpg
465,autobus,216328773.jpg
466,autobus,216357066.jpg
467,autobus,216357327.jpg
468,autobus,216360643.jpg
469,autobus,216410090.jpg
470,autobus,216412255.jpg
471,autobus,216423047.jpg
472,autobus,216426389.jpg
473,autobus,216460431.jpg
474,autobus,216485879.jpg
475,autobus,216539622.jpg
476,autobus,216551484.jpg
477,autobus,216559230.jpg
478,autobus,216560648.jpg
479,autobus,216573141.jpg
480,autobus,216575324.jpg
481,autobus,216583468.jpg
482,autobus,216588181.jpg
483,autobus,216594094.jpg
484,autobus,216623717.jpg
485,autobus,216637123.jpg
486,autobus,216639197.jpg
487,autobus,216649816.jpg
488,autobus,216658438.jpg
489,autobus,216664450.jpg
490,autobus,216684204.jpg
491,autobus,216709950.jpg
492,autobus,216714407.jpg
493,autobus,216720717.jpg
494,autobus,216729767.jpg
495,autobus,216732326.jpg
496,autobus,216760038.jpg
497,autobus,216775502.jpg
498,autobus,216782041.jpg
499,autobus,216797527.jpg
500,autobus,216797653.jpg
501,autobus,216799890.jpg
502,autobus,216815620.jpg
503,autobus,216847640.jpg
504,autobus,216850693.jpg
505,autobus,216859234.jpg
506,autobus,216864238.jpg
507,autobus,216865540.jpg
508,autobus,216867892.jpg
509,autobus,216869309.jpg
510,autobus,216870701.jpg
511,autobus,216875964.jpg
512,autobus,216917990.jpg
513,autobus,216939494.jpg
514,autobus,216946113.jpg
515,autobus,216946438.jpg
516,autobus,216947005.jpg
517,autobus,216947535.jpg
518,autobus,216948140.jpg
519,autobus,216977351.jpg
520,autobus,217002020.jpg
521,autobus,217005583.jpg
522,autobus,217007082.jpg
523,autobus,217007978.jpg
524,autobus,217011802.jpg
525,autobus,217040529.jpg
526,autobus,217056270.jpg
527,autobus,217071340.jpg
528,autobus,217116492.jpg
529,autobus,217131284.jpg
530,autobus,217140059.jpg
531,autobus,217145661.jpg
532,autobus,217199412.jpg
533,autobus,217200065.jpg
534,autobus,217207859.jpg
535,autobus,217252048.jpg
536,autobus,217414585.jpg
537,autobus,217427229.jpg
538,autobus,217431762.jpg
539,autobus,217619978.jpg
540,autobus,217672139.jpg
541,autobus,217713976.jpg
542,autobus,217735260.jpg
543,autobus,217780130.jpg
544,autobus,217791047.jpg
545,autobus,217852671.jpg
546,autobus,217891887.jpg
547,autobus,217916961.jpg
548,autobus,217923117.jpg
549,autobus,217924220.jpg
550,autobus,217925813.jpg
551,autobus,217930382.jpg
552,autobus,217932299.jpg
553,autobus,217947174.jpg
554,autobus,217971815.jpg
555,autobus,217976090.jpg
556,autobus,217979622.jpg
557,autobus,217994375.jpg
558,autobus,217999361.jpg
559,autobus,217999498.jpg
560,autobus,218010594.jpg
561,autobus,218020051.jpg
562,autobus,218028529.jpg
563,autobus,218041355.jpg
564,autobus,218048879.jpg
565,autobus,218060093.jpg
566,autobus,218060991.jpg
567,autobus,218080642.jpg
568,autobus,218088953.jpg
569,autobus,218182608.jpg
570,autobus,218187113.jpg
571,autobus,218199792.jpg
572,autobus,218208038.jpg
573,autobus,218214929.jpg
574,autobus,218220108.jpg
575,autobus,218265944.jpg
576,autobus,218267459.jpg
577,autobus,218283778.jpg
578,autobus,218286526.jpg
579,autobus,218293611.jpg
580,autobus,218333729.jpg
581,autobus,218337345.jpg
582,autobus,218375514.jpg
583,autobus,218384939.jpg
584,autobus,218398681.jpg
585,autobus,218405806.jpg
586,autobus,218417318.jpg
587,autobus,218426058.jpg
588,autobus,218429535.jpg
589,autobus,218434288.jpg
590,autobus,218485526.jpg
591,autobus,218486197.jpg
592,autobus,218505266.jpg
593,autobus,218540163.jpg
594,autobus,218544249.jpg
595,autobus,218564482.jpg
596,autobus,218575882.jpg
597,autobus,218595025.jpg
598,autobus,218619004.jpg
599,autobus,218626877.jpg
600,autobus,218637584.jpg
601,autobus,218643529.jpg
602,autobus,218658621.jpg
603,autobus,218667916.jpg
604,autobus,218688301.jpg
605,autobus,218691159.jpg
606,autobus,218700576.jpg
607,autobus,218705074.jpg
608,autobus,218710860.jpg
609,autobus,218712334.jpg
610,autobus,218729799.jpg
611,autobus,218729996.jpg
612,autobus,218732478.jpg
613,autobus,218737303.jpg
614,autobus,218737467.jpg
615,autobus,218751068.jpg
616,autobus,218754987.jpg
617,autobus,218755990.jpg
618,autobus,218757064.jpg
619,autobus,218767971.jpg
620,autobus,218778454.jpg
621,autobus,218783127.jpg
622,autobus,218787299.jpg
623,autobus,218800911.jpg
624,autobus,218833342.jpg
625,autobus,218858569.jpg
626,autobus,218875399.jpg
627,autobus,218884742.jpg
628,autobus,218900005.jpg
629,autobus,218903278.jpg
630,autobus,218905897.jpg
631,autobus,218908275.jpg
632,autobus,218908823.jpg
633,autobus,218915919.jpg
634,autobus,218933062.jpg
635,autobus,218936050.jpg
636,autobus,218939231.jpg
637,autobus,218952897.jpg
638,autobus,218955741.jpg
639,autobus,218959354.jpg
640,autobus,218962057.jpg
641,autobus,218964750.jpg
642,autobus,218988618.jpg
643,autobus,218993999.jpg
644,autobus,219055285.jpg
645,autobus,219067267.jpg
646,autobus,219073679.jpg
647,autobus,219113041.jpg
650,kamyun,196530974.jpg
653,kamyun,198086630.jpg
654,kamyun,198181313.jpg
658,kamyun,199575055.jpg
662,kamyun,204958460.jpg
666,kamyun,209981626.jpg
669,kamyun,211010019.jpg
670,kamyun,212492339.jpg
671,kamyun,212538638.jpg
672,kamyun,212828689.jpg
680,kamyun,214834457.jpg
681,kamyun,215113916.jpg
686,kamyun,215657122.jpg
689,kamyun,215678322.jpg
692,kamyun,215704325.jpg
698,kamyun,215798585.jpg
700,kamyun,215897723.jpg
702,kamyun,215925454.jpg
703,kamyun,215943238.jpg
706,kamyun,215975099.jpg
708,kamyun,215994997.jpg
723,kamyun,216184714.jpg
739,kamyun,216599410.jpg
741,kamyun,216677011.jpg
746,kamyun,216891505.jpg
755,kamyun,217114315.jpg
757,kamyun,217183554.jpg
759,kamyun,217274801.jpg
760,kamyun,217362261.jpg
761,kamyun,217447379.jpg
764,kamyun,217826064.jpg
782,kamyun,218161653.jpg
793,kamyun,218558741.jpg
794,kamyun,218560204.jpg
795,kamyun,218562055.jpg
798,kamyun,218601432.jpg
799,kamyun,218609300.jpg
801,kamyun,218642439.jpg
804,kamyun,218696889.jpg
807,kamyun,218706352.jpg
812,kamyun,218720842.jpg
817,kamyun,218800079.jpg
818,kamyun,218812834.jpg
822,kamyun,218843937.jpg
826,kamyun,218877388.jpg
828,kamyun,218915243.jpg
829,kamyun,218916372.jpg
840,kamyun,219000438.jpg
845,kamyun,219084652.jpg
846,kamyun,219121462.jpg
848,kamyunet,192927834.jpg
849,kamyunet,193062599.jpg
850,kamyunet,193234027.jpg
851,kamyunet,193372049.jpg
852,kamyunet,193568157.jpg
853,kamyunet,193903806.jpg
854,kamyunet,194252891.jpg
855,kamyunet,194260628.jpg
856,kamyunet,194277690.jpg
857,kamyunet,194278256.jpg
858,kamyunet,194280536.jpg
859,kamyunet,194484076.jpg
860,kamyunet,195219977.jpg
861,kamyunet,195416036.jpg
862,kamyunet,195578789.jpg
863,kamyunet,195898713.jpg
864,kamyunet,195918838.jpg
865,kamyunet,195923707.jpg
866,kamyunet,196412320.jpg
867,kamyunet,196424170.jpg
868,kamyunet,196513453.jpg
869,kamyunet,197387270.jpg
870,kamyunet,197510266.jpg
871,kamyunet,197524191.jpg
872,kamyunet,197919393.jpg
873,kamyunet,198068040.jpg
874,kamyunet,198111935.jpg
875,kamyunet,198119425.jpg
876,kamyunet,198158463.jpg
877,kamyunet,198199671.jpg
878,kamyunet,198229545.jpg
879,kamyunet,198247089.jpg
880,kamyunet,198264037.jpg
881,kamyunet,198330600.jpg
882,kamyunet,198385201.jpg
883,kamyunet,198425102.jpg
884,kamyunet,198438253.jpg
885,kamyunet,198461875.jpg
886,kamyunet,198712812.jpg
887,kamyunet,198714516.jpg
888,kamyunet,198810534.jpg
889,kamyunet,198991559.jpg
890,kamyunet,199172201.jpg
891,kamyunet,199179018.jpg
892,kamyunet,199213257.jpg
893,kamyunet,199279799.jpg
894,kamyunet,199375942.jpg
895,kamyunet,199511120.jpg
896,kamyunet,199644443.jpg
897,kamyunet,199773210.jpg
898,kamyunet,199946768.jpg
899,kamyunet,200170189.jpg
900,kamyunet,200359181.jpg
901,kamyunet,200413006.jpg
902,kamyunet,200457547.jpg
903,kamyunet,200460350.jpg
904,kamyunet,200464110.jpg
905,kamyunet,200467078.jpg
906,kamyunet,201179873.jpg
907,kamyunet,201261809.jpg
908,kamyunet,202188960.jpg
909,kamyunet,202198620.jpg
910,kamyunet,202691204.jpg
911,kamyunet,203161511.jpg
912,kamyunet,203426119.jpg
913,kamyunet,204597188.jpg
914,kamyunet,204655887.jpg
915,kamyunet,205077309.jpg
916,kamyunet,205243013.jpg
917,kamyunet,205437377.jpg
918,kamyunet,205439945.jpg
919,kamyunet,205841640.jpg
920,kamyunet,206174596.jpg
921,kamyunet,206812424.jpg
922,kamyunet,206862339.jpg
923,kamyunet,207076419.jpg
924,kamyunet,207502063.jpg
925,kamyunet,208424445.jpg
926,kamyunet,208830517.jpg
927,kamyunet,208870069.jpg
928,kamyunet,209517188.jpg
929,kamyunet,209541758.jpg
930,kamyunet,209845919.jpg
931,kamyunet,209859136.jpg
932,kamyunet,210034335.jpg
933,kamyunet,210064050.jpg
934,kamyunet,210099989.jpg
935,kamyunet,210107304.jpg
936,kamyunet,210109298.jpg
937,kamyunet,210122932.jpg
938,kamyunet,210504161.jpg
939,kamyunet,210749256.jpg
940,kamyunet,211105618.jpg
941,kamyunet,211358345.jpg
942,kamyunet,211524213.jpg
943,kamyunet,212082731.jpg
944,kamyunet,212119384.jpg
945,kamyunet,212165742.jpg
946,kamyunet,212169487.jpg
947,kamyunet,212295113.jpg
948,kamyunet,212511089.jpg
949,kamyunet,212708966.jpg
950,kamyunet,212746296.jpg
951,kamyunet,212916835.jpg
952,kamyunet,212928506.jpg
953,kamyunet,213270925.jpg
954,kamyunet,213311124.jpg
955,kamyunet,213332262.jpg
956,kamyunet,213479569.jpg
957,kamyunet,213481023.jpg
958,kamyunet,213506255.jpg
959,kamyunet,213506642.jpg
960,kamyunet,213511840.jpg
961,kamyunet,213627127.jpg
962,kamyunet,213853081.jpg
963,kamyunet,214034569.jpg
964,kamyunet,214048005.jpg
965,kamyunet,214105935.jpg
966,kamyunet,214283248.jpg
967,kamyunet,214321010.jpg
968,kamyunet,214357757.jpg
969,kamyunet,214363172.jpg
970,kamyunet,214372132.jpg
971,kamyunet,214490121.jpg
972,kamyunet,214490765.jpg
973,kamyunet,214641253.jpg
974,kamyunet,214646142.jpg
975,kamyunet,214713226.jpg
976,kamyunet,214731512.jpg
977,kamyunet,214772097.jpg
978,kamyunet,214773624.jpg
979,kamyunet,214806720.jpg
980,kamyunet,214831926.jpg
981,kamyunet,214845535.jpg
982,kamyunet,214925670.jpg
983,kamyunet,214956940.jpg
984,kamyunet,214962809.jpg
985,kamyunet,215099946.jpg
986,kamyunet,215100998.jpg
987,kamyunet,215119243.jpg
988,kamyunet,215175729.jpg
989,kamyunet,215181817.jpg
990,kamyunet,215183315.jpg
991,kamyunet,215188569.jpg
992,kamyunet,215286925.jpg
993,kamyunet,215298296.jpg
994,kamyunet,215318772.jpg
995,kamyunet,215569155.jpg
996,kamyunet,215569282.jpg
997,kamyunet,215576573.jpg
998,kamyunet,215579018.jpg
999,kamyunet,215581412.jpg
1000,kamyunet,215581956.jpg
1001,kamyunet,215589180.jpg
1002,kamyunet,215600811.jpg
1003,kamyunet,215613977.jpg
1004,kamyunet,215628455.jpg
1005,kamyunet,215628593.jpg
1006,kamyunet,215635130.jpg
1007,kamyunet,215671765.jpg
1008,kamyunet,215676546.jpg
1009,kamyunet,215685158.jpg
1010,kamyunet,215687118.jpg
1011,kamyunet,215687961.jpg
1012,kamyunet,215692883.jpg
1013,kamyunet,215699541.jpg
1014,kamyunet,215708185.jpg
1015,kamyunet,215715240.jpg
1016,kamyunet,215721968.jpg
1017,kamyunet,215724393.jpg
1018,kamyunet,215725553.jpg
1019,kamyunet,215726793.jpg
1020,kamyunet,215739554.jpg
1021,kamyunet,215756767.jpg
1022,kamyunet,215757279.jpg
1023,kamyunet,215772684.jpg
1024,kamyunet,215780691.jpg
1025,kamyunet,215789530.jpg
1026,kamyunet,215801211.jpg
1027,kamyunet,215805277.jpg
1028,kamyunet,215809652.jpg
1029,kamyunet,215816828.jpg
1030,kamyunet,215825393.jpg
1031,kamyunet,215829124.jpg
1032,kamyunet,215829451.jpg
1033,kamyunet,215839717.jpg
1034,kamyunet,215847280.jpg
1035,kamyunet,215849760.jpg
1036,kamyunet,215862632.jpg
1037,kamyunet,215871113.jpg
1038,kamyunet,215884288.jpg
1039,kamyunet,215888901.jpg
1040,kamyunet,215893105.jpg
1041,kamyunet,215904707.jpg
1042,kamyunet,215906129.jpg
1043,kamyunet,215916570.jpg
1044,kamyunet,215917528.jpg
1045,kamyunet,215933911.jpg
1046,kamyunet,215951406.jpg
1047,kamyunet,215951709.jpg
1048,kamyunet,215953828.jpg
1049,kamyunet,215958562.jpg
1050,kamyunet,215961412.jpg
1051,kamyunet,215987359.jpg
1052,kamyunet,215989790.jpg
1053,kamyunet,215989939.jpg
1054,kamyunet,216006559.jpg
1055,kamyunet,216008162.jpg
1056,kamyunet,216013680.jpg
1057,kamyunet,216022236.jpg
1058,kamyunet,216023451.jpg
1059,kamyunet,216026504.jpg
1060,kamyunet,216027967.jpg
1061,kamyunet,216030677.jpg
1062,kamyunet,216034688.jpg
1063,kamyunet,216035343.jpg
1064,kamyunet,216038703.jpg
1065,kamyunet,216039206.jpg
1066,kamyunet,216040476.jpg
1067,kamyunet,216044993.jpg
1068,kamyunet,216045038.jpg
1069,kamyunet,216045130.jpg
1070,kamyunet,216045870.jpg
1071,kamyunet,216047322.jpg
1072,kamyunet,216048031.jpg
1073,kamyunet,216048837.jpg
1074,kamyunet,216050933.jpg
1075,kamyunet,216073290.jpg
1076,kamyunet,216084425.jpg
1077,kamyunet,216086881.jpg
1078,kamyunet,216088991.jpg
1079,kamyunet,216104417.jpg
1080,kamyunet,216109678.jpg
1081,kamyunet,216114804.jpg
1082,kamyunet,216130239.jpg
1083,kamyunet,216133020.jpg
1084,kamyunet,216147955.jpg
1085,kamyunet,216151124.jpg
1086,kamyunet,216158404.jpg
1087,kamyunet,216212208.jpg
1088,kamyunet,216223738.jpg
1089,kamyunet,216224608.jpg
1090,kamyunet,216230183.jpg
1091,kamyunet,216297399.jpg
1092,kamyunet,216304874.jpg
1093,kamyunet,216317142.jpg
1094,kamyunet,216318337.jpg
1095,kamyunet,216323557.jpg
1096,kamyunet,216392196.jpg
1097,kamyunet,216393221.jpg
1098,kamyunet,216410031.jpg
1099,kamyunet,216417572.jpg
1100,kamyunet,216428687.jpg
1101,kamyunet,216433007.jpg
1102,kamyunet,216447524.jpg
1103,kamyunet,216450914.jpg
1104,kamyunet,216456908.jpg
1105,kamyunet,216476063.jpg
1106,kamyunet,216480042.jpg
1107,kamyunet,216483357.jpg
1108,kamyunet,216484088.jpg
1109,kamyunet,216491496.jpg
1110,kamyunet,216496874.jpg
1111,kamyunet,216525295.jpg
1112,kamyunet,216538122.jpg
1113,kamyunet,216539171.jpg
1114,kamyunet,216561920.jpg
1115,kamyunet,216563794.jpg
1116,kamyunet,216575329.jpg
1117,kamyunet,216578494.jpg
1118,kamyunet,216585734.jpg
1119,kamyunet,216589057.jpg
1120,kamyunet,216596453.jpg
1121,kamyunet,216616423.jpg
1122,kamyunet,216618023.jpg
1123,kamyunet,216618682.jpg
1124,kamyunet,216628238.jpg
1125,kamyunet,216631549.jpg
1126,kamyunet,216648866.jpg
1127,kamyunet,216673880.jpg
1128,kamyunet,216696969.jpg
1129,kamyunet,216699823.jpg
1130,kamyunet,216710667.jpg
1131,kamyunet,216733938.jpg
1132,kamyunet,216737299.jpg
1133,kamyunet,216738258.jpg
1134,kamyunet,216742207.jpg
1135,kamyunet,216751610.jpg
1136,kamyunet,216759709.jpg
1137,kamyunet,216761927.jpg
1138,kamyunet,216769772.jpg
1139,kamyunet,216779337.jpg
1140,kamyunet,216790354.jpg
1141,kamyunet,216792837.jpg
1142,kamyunet,216801664.jpg
1143,kamyunet,216808886.jpg
1144,kamyunet,216816286.jpg
1145,kamyunet,216822835.jpg
1146,kamyunet,216829724.jpg
1147,kamyunet,216832169.jpg
1148,kamyunet,216833735.jpg
1149,kamyunet,216847004.jpg
1150,kamyunet,216849455.jpg
1151,kamyunet,216850292.jpg
1152,kamyunet,216857360.jpg
1153,kamyunet,216864100.jpg
1154,kamyunet,216892357.jpg
1155,kamyunet,216902168.jpg
1156,kamyunet,216904183.jpg
1157,kamyunet,216909763.jpg
1158,kamyunet,216916842.jpg
1159,kamyunet,216926294.jpg
1160,kamyunet,216929918.jpg
1161,kamyunet,216930847.jpg
1162,kamyunet,216934910.jpg
1163,kamyunet,216964385.jpg
1164,kamyunet,216972904.jpg
1165,kamyunet,216973054.jpg
1166,kamyunet,216977256.jpg
1167,kamyunet,216984093.jpg
1168,kamyunet,216984996.jpg
1169,kamyunet,217000128.jpg
1170,kamyunet,217007653.jpg
1171,kamyunet,217008010.jpg
1172,kamyunet,217008914.jpg
1173,kamyunet,217024570.jpg
1174,kamyunet,217031137.jpg
1175,kamyunet,217031763.jpg
1176,kamyunet,217050719.jpg
1177,kamyunet,217054200.jpg
1178,kamyunet,217064296.jpg
1179,kamyunet,217067503.jpg
1180,kamyunet,217072267.jpg
1181,kamyunet,217143476.jpg
1182,kamyunet,217154686.jpg
1183,kamyunet,217156552.jpg
1184,kamyunet,217168731.jpg
1185,kamyunet,217185484.jpg
1186,kamyunet,217187069.jpg
1187,kamyunet,217189439.jpg
1188,kamyunet,217193298.jpg
1189,kamyunet,217194325.jpg
1190,kamyunet,217195459.jpg
1191,kamyunet,217199468.jpg
1192,kamyunet,217202775.jpg
1193,kamyunet,217203031.jpg
1194,kamyunet,217219987.jpg
1195,kamyunet,217273409.jpg
1196,kamyunet,217309460.jpg
1197,kamyunet,217314647.jpg
1198,kamyunet,217328161.jpg
1199,kamyunet,217341470.jpg
1200,kamyunet,217350352.jpg
1201,kamyunet,217368931.jpg
1202,kamyunet,217381231.jpg
1203,kamyunet,217382212.jpg
1204,kamyunet,217385379.jpg
1205,kamyunet,217393780.jpg
1206,kamyunet,217404366.jpg
1207,kamyunet,217425322.jpg
1208,kamyunet,217433211.jpg
1209,kamyunet,217558245.jpg
1210,kamyunet,217634183.jpg
1211,kamyunet,217685543.jpg
1212,kamyunet,217743945.jpg
1213,kamyunet,217760085.jpg
1214,kamyunet,217762819.jpg
1215,kamyunet,217762838.jpg
1216,kamyunet,217763231.jpg
1217,kamyunet,217780037.jpg
1218,kamyunet,217791052.jpg
1219,kamyunet,217791346.jpg
1220,kamyunet,217795203.jpg
1221,kamyunet,217801992.jpg
1222,kamyunet,217804557.jpg
1223,kamyunet,217807697.jpg
1224,kamyunet,217831667.jpg
1225,kamyunet,217859902.jpg
1226,kamyunet,217880543.jpg
1227,kamyunet,217894393.jpg
1228,kamyunet,217930620.jpg
1229,kamyunet,217933127.jpg
1230,kamyunet,217948136.jpg
1231,kamyunet,217957904.jpg
1232,kamyunet,217958045.jpg
1233,kamyunet,217967481.jpg
1234,kamyunet,217970390.jpg
1235,kamyunet,217989700.jpg
1236,kamyunet,217998174.jpg
1237,kamyunet,218007427.jpg
1238,kamyunet,218018419.jpg
1239,kamyunet,218020793.jpg
1240,kamyunet,218063376.jpg
1241,kamyunet,218063876.jpg
1242,kamyunet,218064792.jpg
1243,kamyunet,218065087.jpg
1244,kamyunet,218071562.jpg
1245,kamyunet,218106127.jpg
1246,kamyunet,218107237.jpg
1247,kamyunet,218130006.jpg
1248,kamyunet,218137882.jpg
1249,kamyunet,218154755.jpg
1250,kamyunet,218166349.jpg
1251,kamyunet,218167231.jpg
1252,kamyunet,218171998.jpg
1253,kamyunet,218176905.jpg
1254,kamyunet,218178501.jpg
1255,kamyunet,218182764.jpg
1256,kamyunet,218189090.jpg
1257,kamyunet,218203951.jpg
1258,kamyunet,218206459.jpg
1259,kamyunet,218206526.jpg
1260,kamyunet,218231967.jpg
1261,kamyunet,218259349.jpg
1262,kamyunet,218263496.jpg
1263,kamyunet,218279230.jpg
1264,kamyunet,218312742.jpg
1265,kamyunet,218320799.jpg
1266,kamyunet,218322871.jpg
1267,kamyunet,218324130.jpg
1268,kamyunet,218342823.jpg
1269,kamyunet,218352715.jpg
1270,kamyunet,218365461.jpg
1271,kamyunet,218367749.jpg
1272,kamyunet,218375873.jpg
1273,kamyunet,218378715.jpg
1274,kamyunet,218381430.jpg
1275,kamyunet,218384709.jpg
1276,kamyunet,218391800.jpg
1277,kamyunet,218410038.jpg
1278,kamyunet,218431091.jpg
1279,kamyunet,218432185.jpg
1280,kamyunet,218451178.jpg
1281,kamyunet,218482181.jpg
1282,kamyunet,218490161.jpg
1283,kamyunet,218492318.jpg
1284,kamyunet,218525760.jpg
1285,kamyunet,218528089.jpg
1286,kamyunet,218541002.jpg
1287,kamyunet,218555708.jpg
1288,kamyunet,218562521.jpg
1289,kamyunet,218562973.jpg
1290,kamyunet,218571589.jpg
1291,kamyunet,218572695.jpg
1292,kamyunet,218576473.jpg
1293,kamyunet,218578650.jpg
1294,kamyunet,218583813.jpg
1295,kamyunet,218586502.jpg
1296,kamyunet,218592622.jpg
1297,kamyunet,218594904.jpg
1298,kamyunet,218596985.jpg
1299,kamyunet,218607498.jpg
1300,kamyunet,218623319.jpg
1301,kamyunet,218624593.jpg
1302,kamyunet,218644842.jpg
1303,kamyunet,218683897.jpg
1304,kamyunet,218685223.jpg
1305,kamyunet,218699915.jpg
1306,kamyunet,218701441.jpg
1307,kamyunet,218713895.jpg
1308,kamyunet,218719693.jpg
1309,kamyunet,218721747.jpg
1310,kamyunet,218722185.jpg
1311,kamyunet,218726050.jpg
1312,kamyunet,218726135.jpg
1313,kamyunet,218727216.jpg
1314,kamyunet,218729757.jpg
1315,kamyunet,218731934.jpg
1316,kamyunet,218733055.jpg
1317,kamyunet,218755560.jpg
1318,kamyunet,218756122.jpg
1319,kamyunet,218756357.jpg
1320,kamyunet,218760762.jpg
1321,kamyunet,218764401.jpg
1322,kamyunet,218778629.jpg
1323,kamyunet,218793846.jpg
1324,kamyunet,218812826.jpg
1325,kamyunet,218813969.jpg
1326,kamyunet,218825517.jpg
1327,kamyunet,218827750.jpg
1328,kamyunet,218839669.jpg
1329,kamyunet,218855953.jpg
1330,kamyunet,218866893.jpg
1331,kamyunet,218872188.jpg
1332,kamyunet,218878704.jpg
1333,kamyunet,218884519.jpg
1334,kamyunet,218892809.jpg
1335,kamyunet,218894134.jpg
1336,kamyunet,218903080.jpg
1337,kamyunet,218906168.jpg
1338,kamyunet,218906408.jpg
1339,kamyunet,218913388.jpg
1340,kamyunet,218931656.jpg
1341,kamyunet,218935445.jpg
1342,kamyunet,218936367.jpg
1343,kamyunet,218946635.jpg
1344,kamyunet,218948404.jpg
1345,kamyunet,218951158.jpg
1346,kamyunet,218955796.jpg
1347,kamyunet,218963215.jpg
1348,kamyunet,218965460.jpg
1349,kamyunet,218967036.jpg
1350,kamyunet,218968655.jpg
1351,kamyunet,218970114.jpg
1352,kamyunet,218972329.jpg
1353,kamyunet,218973447.jpg
1354,kamyunet,218974741.jpg
1355,kamyunet,218977616.jpg
1356,kamyunet,218978195.jpg
1357,kamyunet,218979754.jpg
1358,kamyunet,218983938.jpg
1359,kamyunet,218984358.jpg
1360,kamyunet,218984813.jpg
1361,kamyunet,218989880.jpg
1362,kamyunet,218991037.jpg
1363,kamyunet,219002808.jpg
1364,kamyunet,219008632.jpg
1365,kamyunet,219011995.jpg
1366,kamyunet,219021636.jpg
1367,kamyunet,219033619.jpg
1368,kamyunet,219055863.jpg
1369,kamyunet,219057756.jpg
1370,kamyunet,219060424.jpg
1371,kamyunet,219062079.jpg
1372,kamyunet,219064884.jpg
1373,kamyunet,219066213.jpg
1374,kamyunet,219069952.jpg
1375,kamyunet,219070364.jpg
1376,kamyunet,219082928.jpg
1377,kamyunet,219089402.jpg
1378,kamyunet,219095831.jpg
1379,kamyunet,219114546.jpg
1380,kamyunet,219118055.jpg
1381,kamyunet,219120783.jpg
1382,minibus,193167614.jpg
1384,minibus,193880181.jpg
1388,minibus,194357693.jpg
1392,minibus,195418798.jpg
1399,minibus,197142055.jpg
1407,minibus,198427263.jpg
1408,minibus,198432863.jpg
1411,minibus,198508755.jpg
1413,minibus,198885269.jpg
1416,minibus,200143097.jpg
1418,minibus,200855721.jpg
1421,minibus,202350769.jpg
1424,minibus,203404935.jpg
1426,minibus,204463987.jpg
1427,minibus,204541641.jpg
1433,minibus,205855305.jpg
1435,minibus,205924190.jpg
1438,minibus,205925887.jpg
1445,minibus,205941203.jpg
1446,minibus,205941237.jpg
1448,minibus,205942776.jpg
1450,minibus,206066058.jpg
1458,minibus,206187118.jpg
1459,minibus,206188796.jpg
1461,minibus,206192409.jpg
1462,minibus,206193278.jpg
1465,minibus,207309597.jpg
1467,minibus,210100594.jpg
1471,minibus,210170230.jpg
1476,minibus,212718337.jpg
1477,minibus,213204770.jpg
1479,minibus,213443859.jpg
1482,minibus,213777965.jpg
1484,minibus,214045254.jpg
1491,minibus,214762035.jpg
1496,minibus,215113899.jpg
1513,minibus,215687610.jpg
1514,minibus,215690344.jpg
1516,minibus,215694184.jpg
1525,minibus,215763336.jpg
1537,minibus,215890147.jpg
1546,minibus,216003886.jpg
1556,minibus,216094190.jpg
1561,minibus,216127555.jpg
1566,minibus,216317074.jpg
1571,minibus,216419649.jpg
1574,minibus,216428820.jpg
1577,minibus,216465953.jpg
1580,minibus,216593660.jpg
1582,minibus,216667781.jpg
1583,minibus,216668413.jpg
1585,minibus,216735501.jpg
1592,minibus,216782805.jpg
1602,minibus,216990378.jpg
1612,minibus,217188225.jpg
1616,minibus,217339443.jpg
1619,minibus,217763204.jpg
1620,minibus,217784303.jpg
1622,minibus,217959075.jpg
1623,minibus,217959451.jpg
1625,minibus,217995231.jpg
1627,minibus,218049788.jpg
1630,minibus,218126946.jpg
1636,minibus,218185076.jpg
1637,minibus,218195078.jpg
1639,minibus,218241684.jpg
1647,minibus,218340234.jpg
1651,minibus,218425722.jpg
1659,minibus,218589609.jpg
1660,minibus,218596879.jpg
1662,minibus,218608623.jpg
1663,minibus,218624962.jpg
1664,minibus,218626593.jpg
1665,minibus,218657520.jpg
1667,minibus,218681641.jpg
1673,minibus,218740708.jpg
1676,minibus,218784689.jpg
1680,minibus,218835136.jpg
1686,minibus,218901213.jpg
1691,minibus,218952212.jpg
1700,savari,193865576.jpg
1701,savari,194293170.jpg
1702,savari,195433974.jpg
1703,savari,195461114.jpg
1704,savari,195552420.jpg
1705,savari,195586052.jpg
1706,savari,195800847.jpg
1707,savari,195839967.jpg
1708,savari,195877097.jpg
1709,savari,195911472.jpg
1710,savari,195946835.jpg
1711,savari,196477980.jpg
1712,savari,196601379.jpg
1713,savari,197061032.jpg
1714,savari,197570674.jpg
1715,savari,197668390.jpg
1716,savari,197695504.jpg
1717,savari,197726987.jpg
1718,savari,197816467.jpg
1719,savari,197940827.jpg
1720,savari,198043112.jpg
1721,savari,198098595.jpg
1722,savari,198102291.jpg
1723,savari,198114661.jpg
1724,savari,198132254.jpg
1725,savari,198221838.jpg
1726,savari,198224561.jpg
1727,savari,198334045.jpg
1728,savari,198464048.jpg
1729,savari,198468980.jpg
1730,savari,198508281.jpg
1731,savari,198541116.jpg
1732,savari,198600953.jpg
1733,savari,198640972.jpg
1734,savari,198701356.jpg
1735,savari,198734860.jpg
1736,savari,198748852.jpg
1737,savari,198929401.jpg
1738,savari,199057130.jpg
1739,savari,199201260.jpg
1740,savari,199250608.jpg
1741,savari,199280713.jpg
1742,savari,199291703.jpg
1743,savari,199300081.jpg
1744,savari,199595051.jpg
1745,savari,199630427.jpg
1746,savari,199652334.jpg
1747,savari,199702972.jpg
1748,savari,199827467.jpg
1749,savari,199838206.jpg
1750,savari,199907289.jpg
1751,savari,200121154.jpg
1752,savari,200499854.jpg
1753,savari,200806002.jpg
1754,savari,200850651.jpg
1755,savari,200868342.jpg
1756,savari,200931514.jpg
1757,savari,201454407.jpg
1758,savari,201730625.jpg
1759,savari,201797319.jpg
1760,savari,202041863.jpg
1761,savari,202162130.jpg
1762,savari,202273928.jpg
1763,savari,202316938.jpg
1764,savari,202545543.jpg
1765,savari,202772152.jpg
1766,savari,203013904.jpg
1767,savari,203405391.jpg
1768,savari,204792146.jpg
1769,savari,205009323.jpg
1770,savari,205048854.jpg
1771,savari,205049904.jpg
1772,savari,205160387.jpg
1773,savari,205317151.jpg
1774,savari,205354762.jpg
1775,savari,205377474.jpg
1776,savari,205576507.jpg
1777,savari,205668577.jpg
1778,savari,205865817.jpg
1779,savari,206027281.jpg
1780,savari,206138343.jpg
1781,savari,206147449.jpg
1782,savari,206190231.jpg
1783,savari,206276702.jpg
1784,savari,206277240.jpg
1785,savari,206375505.jpg
1786,savari,206416762.jpg
1787,savari,206431037.jpg
1788,savari,206573249.jpg
1789,savari,206644295.jpg
1790,savari,206755128.jpg
1791,savari,206793149.jpg
1792,savari,206830043.jpg
1793,savari,206858481.jpg
1794,savari,206883575.jpg
1795,savari,206925163.jpg
1796,savari,207151442.jpg
1797,savari,207703881.jpg
1798,savari,207764744.jpg
1799,savari,207814911.jpg
1800,savari,207835536.jpg
1801,savari,207849789.jpg
1802,savari,207857225.jpg
1803,savari,207964148.jpg
1804,savari,208090232.jpg
1805,savari,208184846.jpg
1806,savari,208215002.jpg
1807,savari,208296185.jpg
1808,savari,208355250.jpg
1809,savari,208507398.jpg
1810,savari,208561726.jpg
1811,savari,208637892.jpg
1812,savari,208698681.jpg
1813,savari,208741036.jpg
1814,savari,208835631.jpg
1815,savari,208896884.jpg
1816,savari,209013092.jpg
1817,savari,209038770.jpg
1818,savari,209111011.jpg
1819,savari,209165603.jpg
1820,savari,209285270.jpg
1821,savari,209371818.jpg
1822,savari,209430101.jpg
1823,savari,209434334.jpg
1824,savari,209449668.jpg
1825,savari,209527831.jpg
1826,savari,209690806.jpg
1827,savari,209718955.jpg
1828,savari,209847217.jpg
1829,savari,209939482.jpg
1830,savari,210000938.jpg
1831,savari,210015193.jpg
1832,savari,210043852.jpg
1833,savari,210273275.jpg
1834,savari,210379387.jpg
1835,savari,210380464.jpg
1836,savari,210403204.jpg
1837,savari,210403494.jpg
1838,savari,210488078.jpg
1839,savari,210514855.jpg
1840,savari,210591541.jpg
1841,savari,210708482.jpg
1842,savari,210771543.jpg
1843,savari,210824968.jpg
1844,savari,210866108.jpg
1845,savari,210955415.jpg
1846,savari,210970421.jpg
1847,savari,211053195.jpg
1848,savari,211101941.jpg
1849,savari,211163295.jpg
1850,savari,211295182.jpg
1851,savari,211317276.jpg
1852,savari,211342364.jpg
1853,savari,211383068.jpg
1854,savari,211395884.jpg
1855,savari,211425180.jpg
1856,savari,211480297.jpg
1857,savari,211483910.jpg
1858,savari,211490232.jpg
1859,savari,211521907.jpg
1860,savari,211574020.jpg
1861,savari,211607090.jpg
1862,savari,211781928.jpg
1863,savari,211858432.jpg
1864,savari,211872752.jpg
1865,savari,211934537.jpg
1866,savari,211951629.jpg
1867,savari,212001568.jpg
1868,savari,212213154.jpg
1869,savari,212245343.jpg
1870,savari,212277145.jpg
1871,savari,212301629.jpg
1872,savari,212357584.jpg
1873,savari,212364016.jpg
1874,savari,212557751.jpg
1875,savari,212740634.jpg
1876,savari,213059955.jpg
1877,savari,213161227.jpg
1878,savari,213179580.jpg
1879,savari,213298031.jpg
1880,savari,213322591.jpg
1881,savari,213336730.jpg
1882,savari,213387241.jpg
1883,savari,213545578.jpg
1884,savari,213558533.jpg
1885,savari,213701981.jpg
1886,savari,214217815.jpg
1887,savari,214318978.jpg
1888,savari,214344756.jpg
1889,savari,214361998.jpg
1890,savari,214535283.jpg
1891,savari,214536826.jpg
1892,savari,214593501.jpg
1893,savari,214619124.jpg
1894,savari,214631845.jpg
1895,savari,214643894.jpg
1896,savari,214690824.jpg
1897,savari,214692016.jpg
1898,savari,214697912.jpg
1899,savari,214729380.jpg
1900,savari,214737191.jpg
1901,savari,214749765.jpg
1902,savari,214754706.jpg
1903,savari,214764331.jpg
1904,savari,214790427.jpg
1905,savari,214818268.jpg
1906,savari,214832756.jpg
1907,savari,214835469.jpg
1908,savari,214845815.jpg
1909,savari,214848779.jpg
1910,savari,215062582.jpg
1911,savari,215156551.jpg
1912,savari,215184231.jpg
1913,savari,215476329.jpg
1914,savari,215537143.jpg
1915,savari,215575196.jpg
1916,savari,215723061.jpg
1917,savari,215767529.jpg
1918,savari,215792985.jpg
1919,savari,215797978.jpg
1920,savari,215808755.jpg
1921,savari,215841797.jpg
1922,savari,215847437.jpg
1923,savari,215899289.jpg
1924,savari,215925240.jpg
1925,savari,215951198.jpg
1926,savari,215962276.jpg
1927,savari,215996726.jpg
1928,savari,215997280.jpg
1929,savari,216014638.jpg
1930,savari,216019296.jpg
1931,savari,216019459.jpg
1932,savari,216020950.jpg
1933,savari,216079172.jpg
1934,savari,216079866.jpg
1935,savari,216106609.jpg
1936,savari,216119295.jpg
1937,savari,216120769.jpg
1938,savari,216121140.jpg
1939,savari,216129393.jpg
1940,savari,216138705.jpg
1941,savari,216155616.jpg
1942,savari,216157894.jpg
1943,savari,216192117.jpg
1944,savari,216234933.jpg
1945,savari,216348327.jpg
1946,savari,216370669.jpg
1947,savari,216418770.jpg
1948,savari,216423320.jpg
1949,savari,216426931.jpg
1950,savari,216428705.jpg
1951,savari,216453356.jpg
1952,savari,216522104.jpg
1953,savari,216533289.jpg
1954,savari,216539715.jpg
1955,savari,216565316.jpg
1956,savari,216570081.jpg
1957,savari,216574742.jpg
1958,savari,216585891.jpg
1959,savari,216624283.jpg
1960,savari,216634139.jpg
1961,savari,216655941.jpg
1962,savari,216657566.jpg
1963,savari,216661534.jpg
1964,savari,216662449.jpg
1965,savari,216679332.jpg
1966,savari,216691992.jpg
1967,savari,216694598.jpg
1968,savari,216704359.jpg
1969,savari,216707659.jpg
1970,savari,216733797.jpg
1971,savari,216751233.jpg
1972,savari,216757355.jpg
1973,savari,216809812.jpg
1974,savari,216814138.jpg
1975,savari,216824152.jpg
1976,savari,216826110.jpg
1977,savari,216858353.jpg
1978,savari,216860877.jpg
1979,savari,216899188.jpg
1980,savari,216902320.jpg
1981,savari,216912005.jpg
1982,savari,216915296.jpg
1983,savari,216956677.jpg
1984,savari,216960089.jpg
1985,savari,216968563.jpg
1986,savari,216973782.jpg
1987,savari,217001814.jpg
1988,savari,217011281.jpg
1989,savari,217014334.jpg
1990,savari,217021452.jpg
1991,savari,217054235.jpg
1992,savari,217103048.jpg
1993,savari,217115848.jpg
1994,savari,217128837.jpg
1995,savari,217174516.jpg
1996,savari,217203738.jpg
1997,savari,217248973.jpg
1998,savari,217249647.jpg
1999,savari,217253879.jpg
2000,savari,217259942.jpg
2001,savari,217266476.jpg
2002,savari,217267545.jpg
2003,savari,217279795.jpg
2004,savari,217280199.jpg
2005,savari,217283312.jpg
2006,savari,217304565.jpg
2007,savari,217318570.jpg
2008,savari,217339387.jpg
2009,savari,217368312.jpg
2010,savari,217378404.jpg
2011,savari,217384414.jpg
2012,savari,217393464.jpg
2013,savari,217403096.jpg
2014,savari,217430133.jpg
2015,savari,217448062.jpg
2016,savari,217486577.jpg
2017,savari,217504043.jpg
2018,savari,217510361.jpg
2019,savari,217516553.jpg
2020,savari,217522146.jpg
2021,savari,217528722.jpg
2022,savari,217560232.jpg
2023,savari,217596839.jpg
2024,savari,217617097.jpg
2025,savari,217664284.jpg
2026,savari,217678723.jpg
2027,savari,217699390.jpg
2028,savari,217709880.jpg
2029,savari,217737227.jpg
2030,savari,217737871.jpg
2031,savari,217746881.jpg
2032,savari,217755103.jpg
2033,savari,217768353.jpg
2034,savari,217841511.jpg
2035,savari,217937778.jpg
2036,savari,217945404.jpg
2037,savari,217985851.jpg
2038,savari,218003673.jpg
2039,savari,218043366.jpg
2040,savari,218051598.jpg
2041,savari,218055833.jpg
2042,savari,218077655.jpg
2043,savari,218141985.jpg
2044,savari,218159810.jpg
2045,savari,218166407.jpg
2046,savari,218187376.jpg
2047,savari,218198627.jpg
2048,savari,218202038.jpg
2049,savari,218224358.jpg
2050,savari,218252931.jpg
2051,savari,218266205.jpg
2052,savari,218298842.jpg
2053,savari,218304819.jpg
2054,savari,218307784.jpg
2055,savari,218307934.jpg
2056,savari,218310441.jpg
2057,savari,218311049.jpg
2058,savari,218315298.jpg
2059,savari,218315557.jpg
2060,savari,218327694.jpg
2061,savari,218335799.jpg
2062,savari,218372965.jpg
2063,savari,218467171.jpg
2064,savari,218493796.jpg
2065,savari,218522644.jpg
2066,savari,218545382.jpg
2067,savari,218569012.jpg
2068,savari,218569843.jpg
2069,savari,218577056.jpg
2070,savari,218584705.jpg
2071,savari,218591795.jpg
2072,savari,218594536.jpg
2073,savari,218641908.jpg
2074,savari,218644350.jpg
2075,savari,218689207.jpg
2076,savari,218692987.jpg
2077,savari,218693364.jpg
2078,savari,218711427.jpg
2079,savari,218713286.jpg
2080,savari,218721508.jpg
2081,savari,218722193.jpg
2082,savari,218734546.jpg
2083,savari,218745573.jpg
2084,savari,218745687.jpg
2085,savari,218777011.jpg
2086,savari,218777657.jpg
2087,savari,218787990.jpg
2088,savari,218822178.jpg
2089,savari,218827119.jpg
2090,savari,218868809.jpg
2091,savari,218899462.jpg
2092,savari,218949284.jpg
2093,savari,218953537.jpg
2094,savari,218954447.jpg
2095,savari,218985685.jpg
2096,savari,218986062.jpg
2097,savari,218987822.jpg
2098,savari,218989944.jpg
2099,savari,219006680.jpg
2100,savari,219049738.jpg
2101,savari,219093208.jpg
2102,taxi,193797292.jpg
2103,taxi,194297941.jpg
2104,taxi,195141634.jpg
2105,taxi,195273350.jpg
2106,taxi,195950678.jpg
2107,taxi,196019684.jpg
2108,taxi,196271367.jpg
2109,taxi,196727449.jpg
2110,taxi,196859984.jpg
2111,taxi,196903889.jpg
2112,taxi,196935725.jpg
2113,taxi,197011132.jpg
2114,taxi,197362638.jpg
2115,taxi,197838399.jpg
2116,taxi,197862478.jpg
2117,taxi,198048598.jpg
2118,taxi,198065488.jpg
2119,taxi,198126746.jpg
2120,taxi,198214415.jpg
2121,taxi,198241462.jpg
2122,taxi,198289203.jpg
2123,taxi,198359281.jpg
2124,taxi,198459778.jpg
2125,taxi,198633794.jpg
2126,taxi,198686634.jpg
2127,taxi,198784132.jpg
2128,taxi,198935466.jpg
2129,taxi,199039305.jpg
2130,taxi,199202965.jpg
2131,taxi,199209656.jpg
2132,taxi,199494864.jpg
2133,taxi,199661592.jpg
2134,taxi,199704344.jpg
2135,taxi,199796114.jpg
2136,taxi,199808827.jpg
2137,taxi,199975006.jpg
2138,taxi,199993681.jpg
2139,taxi,199994844.jpg
2140,taxi,200016494.jpg
2141,taxi,200264885.jpg
2142,taxi,200643840.jpg
2143,taxi,206803325.jpg
2144,taxi,211554070.jpg
2145,taxi,211642643.jpg
2146,taxi,211667354.jpg
2147,taxi,211773485.jpg
2148,taxi,211808559.jpg
2149,taxi,211808656.jpg
2150,taxi,211856112.jpg
2151,taxi,211861167.jpg
2152,taxi,211928111.jpg
2153,taxi,211997826.jpg
2154,taxi,212080463.jpg
2155,taxi,212110018.jpg
2156,taxi,212197580.jpg
2157,taxi,212216436.jpg
2158,taxi,212237527.jpg
2159,taxi,212338658.jpg
2160,taxi,212354100.jpg
2161,taxi,212411751.jpg
2162,taxi,212538464.jpg
2163,taxi,212556511.jpg
2164,taxi,212584711.jpg
2165,taxi,212714723.jpg
2166,taxi,212737728.jpg
2167,taxi,212746503.jpg
2168,taxi,212778844.jpg
2169,taxi,213011071.jpg
2170,taxi,213061361.jpg
2171,taxi,213163041.jpg
2172,taxi,213169109.jpg
2173,taxi,213219294.jpg
2174,taxi,213293394.jpg
2175,taxi,213300692.jpg
2176,taxi,213424798.jpg
2177,taxi,213492354.jpg
2178,taxi,213603022.jpg
2179,taxi,213625241.jpg
2180,taxi,213723238.jpg
2181,taxi,213771064.jpg
2182,taxi,214281537.jpg
2183,taxi,214350776.jpg
2184,taxi,214429642.jpg
2185,taxi,214543438.jpg
2186,taxi,214583113.jpg
2187,taxi,214612979.jpg
2188,taxi,214640530.jpg
2189,taxi,214678598.jpg
2190,taxi,214685953.jpg
2191,taxi,214698644.jpg
2192,taxi,214699680.jpg
2193,taxi,214713078.jpg
2194,taxi,214738834.jpg
2195,taxi,214741348.jpg
2196,taxi,214743143.jpg
2197,taxi,214752341.jpg
2198,taxi,214761981.jpg
2199,taxi,214791515.jpg
2200,taxi,214804869.jpg
2201,taxi,214811342.jpg
2202,taxi,214833819.jpg
2203,taxi,214842341.jpg
2204,taxi,215049694.jpg
2205,taxi,215057971.jpg
2206,taxi,215062575.jpg
2207,taxi,215086606.jpg
2208,taxi,215086610.jpg
2209,taxi,215089910.jpg
2210,taxi,215098353.jpg
2211,taxi,215105398.jpg
2212,taxi,215131777.jpg
2213,taxi,215162820.jpg
2214,taxi,215184166.jpg
2215,taxi,215186511.jpg
2216,taxi,215261693.jpg
2217,taxi,215263228.jpg
2218,taxi,215558511.jpg
2219,taxi,215570730.jpg
2220,taxi,215575671.jpg
2221,taxi,215608527.jpg
2222,taxi,215610691.jpg
2223,taxi,215631113.jpg
2224,taxi,215658087.jpg
2225,taxi,215679375.jpg
2226,taxi,215681913.jpg
2227,taxi,215701889.jpg
2228,taxi,215710435.jpg
2229,taxi,215712033.jpg
2230,taxi,215730723.jpg
2231,taxi,215733952.jpg
2232,taxi,215734816.jpg
2233,taxi,215741938.jpg
2234,taxi,215771511.jpg
2235,taxi,215772638.jpg
2236,taxi,215777419.jpg
2237,taxi,215802930.jpg
2238,taxi,215818747.jpg
2239,taxi,215822416.jpg
2240,taxi,215833228.jpg
2241,taxi,215840117.jpg
2242,taxi,215854075.jpg
2243,taxi,215875418.jpg
2244,taxi,215878168.jpg
2245,taxi,215891348.jpg
2246,taxi,215905052.jpg
2247,taxi,215920981.jpg
2248,taxi,215970135.jpg
2249,taxi,215998371.jpg
2250,taxi,216006259.jpg
2251,taxi,216008159.jpg
2252,taxi,216016502.jpg
2253,taxi,216017859.jpg
2254,taxi,216019687.jpg
2255,taxi,216029720.jpg
2256,taxi,216041867.jpg
2257,taxi,216047371.jpg
2258,taxi,216052387.jpg
2259,taxi,216070972.jpg
2260,taxi,216079256.jpg
2261,taxi,216110847.jpg
2262,taxi,216111008.jpg
2263,taxi,216118231.jpg
2264,taxi,216125287.jpg
2265,taxi,216140407.jpg
2266,taxi,216177990.jpg
2267,taxi,216203466.jpg
2268,taxi,216207089.jpg
2269,taxi,216266678.jpg
2270,taxi,216369226.jpg
2271,taxi,216373691.jpg
2272,taxi,216389622.jpg
2273,taxi,216398127.jpg
2274,taxi,216402445.jpg
2275,taxi,216422192.jpg
2276,taxi,216432563.jpg
2277,taxi,216435100.jpg
2278,taxi,216456703.jpg
2279,taxi,216524007.jpg
2280,taxi,216527052.jpg
2281,taxi,216532535.jpg
2282,taxi,216554605.jpg
2283,taxi,216555951.jpg
2284,taxi,216557002.jpg
2285,taxi,216562251.jpg
2286,taxi,216597558.jpg
2287,taxi,216601542.jpg
2288,taxi,216608752.jpg
2289,taxi,216616342.jpg
2290,taxi,216616795.jpg
2291,taxi,216617210.jpg
2292,taxi,216618122.jpg
2293,taxi,216629590.jpg
2294,taxi,216629797.jpg
2295,taxi,216646720.jpg
2296,taxi,216684150.jpg
2297,taxi,216746933.jpg
2298,taxi,216752830.jpg
2299,taxi,216785981.jpg
2300,taxi,216787354.jpg
2301,taxi,216804552.jpg
2302,taxi,216816628.jpg
2303,taxi,216818182.jpg
2304,taxi,216820907.jpg
2305,taxi,216828711.jpg
2306,taxi,216835817.jpg
2307,taxi,216847527.jpg
2308,taxi,216848358.jpg
2309,taxi,216860683.jpg
2310,taxi,216875057.jpg
2311,taxi,216878077.jpg
2312,taxi,216878759.jpg
2313,taxi,216891850.jpg
2314,taxi,216893661.jpg
2315,taxi,216894830.jpg
2316,taxi,216929149.jpg
2317,taxi,216952757.jpg
2318,taxi,216964234.jpg
2319,taxi,216978702.jpg
2320,taxi,217002049.jpg
2321,taxi,217024637.jpg
2322,taxi,217024752.jpg
2323,taxi,217051130.jpg
2324,taxi,217054704.jpg
2325,taxi,217058934.jpg
2326,taxi,217088721.jpg
2327,taxi,217093155.jpg
2328,taxi,217106962.jpg
2329,taxi,217107971.jpg
2330,taxi,217111373.jpg
2331,taxi,217144560.jpg
2332,taxi,217163644.jpg
2333,taxi,217170866.jpg
2334,taxi,217191582.jpg
2335,taxi,217201191.jpg
2336,taxi,217215925.jpg
2337,taxi,217218520.jpg
2338,taxi,217233737.jpg
2339,taxi,217239782.jpg
2340,taxi,217243222.jpg
2341,taxi,217244427.jpg
2342,taxi,217247964.jpg
2343,taxi,217257668.jpg
2344,taxi,217264329.jpg
2345,taxi,217265862.jpg
2346,taxi,217269377.jpg
2347,taxi,217285903.jpg
2348,taxi,217354473.jpg
2349,taxi,217360055.jpg
2350,taxi,217405463.jpg
2351,taxi,217408003.jpg
2352,taxi,217426237.jpg
2353,taxi,217430278.jpg
2354,taxi,217482526.jpg
2355,taxi,217484586.jpg
2356,taxi,217501689.jpg
2357,taxi,217502539.jpg
2358,taxi,217506735.jpg
2359,taxi,217533470.jpg
2360,taxi,217544550.jpg
2361,taxi,217548779.jpg
2362,taxi,217551050.jpg
2363,taxi,217567828.jpg
2364,taxi,217601310.jpg
2365,taxi,217656357.jpg
2366,taxi,217729028.jpg
2367,taxi,217739057.jpg
2368,taxi,217747000.jpg
2369,taxi,217766035.jpg
2370,taxi,217787108.jpg
2371,taxi,217799839.jpg
2372,taxi,217800553.jpg
2373,taxi,217814325.jpg
2374,taxi,217834801.jpg
2375,taxi,217899602.jpg
2376,taxi,217902707.jpg
2377,taxi,217918556.jpg
2378,taxi,217953643.jpg
2379,taxi,217957079.jpg
2380,taxi,217967703.jpg
2381,taxi,217977572.jpg
2382,taxi,217978353.jpg
2383,taxi,217990923.jpg
2384,taxi,218000849.jpg
2385,taxi,218002619.jpg
2386,taxi,218010664.jpg
2387,taxi,218028690.jpg
2388,taxi,218042131.jpg
2389,taxi,218045822.jpg
2390,taxi,218056965.jpg
2391,taxi,218069773.jpg
2392,taxi,218081372.jpg
2393,taxi,218093052.jpg
2394,taxi,218104747.jpg
2395,taxi,218106502.jpg
2396,taxi,218118406.jpg
2397,taxi,218120131.jpg
2398,taxi,218120685.jpg
2399,taxi,218124538.jpg
2400,taxi,218136743.jpg
2401,taxi,218156501.jpg
2402,taxi,218159183.jpg
2403,taxi,218160438.jpg
2404,taxi,218182821.jpg
2405,taxi,218187498.jpg
2406,taxi,218189366.jpg
2407,taxi,218189795.jpg
2408,taxi,218203719.jpg
2409,taxi,218205147.jpg
2410,taxi,218212988.jpg
2411,taxi,218213642.jpg
2412,taxi,218219642.jpg
2413,taxi,218228771.jpg
2414,taxi,218236851.jpg
2415,taxi,218243226.jpg
2416,taxi,218243301.jpg
2417,taxi,218248245.jpg
2418,taxi,218256574.jpg
2419,taxi,218257216.jpg
2420,taxi,218260137.jpg
2421,taxi,218266883.jpg
2422,taxi,218270063.jpg
2423,taxi,218279077.jpg
2424,taxi,218305132.jpg
2425,taxi,218306921.jpg
2426,taxi,218320753.jpg
2427,taxi,218321884.jpg
2428,taxi,218332011.jpg
2429,taxi,218339564.jpg
2430,taxi,218342807.jpg
2431,taxi,218343681.jpg
2432,taxi,218360827.jpg
2433,taxi,218367265.jpg
2434,taxi,218377804.jpg
2435,taxi,218399607.jpg
2436,taxi,218402981.jpg
2437,taxi,218414701.jpg
2438,taxi,218443077.jpg
2439,taxi,218521917.jpg
2440,taxi,218522456.jpg
2441,taxi,218563090.jpg
2442,taxi,218566564.jpg
2443,taxi,218567436.jpg
2444,taxi,218578770.jpg
2445,taxi,218580315.jpg
2446,taxi,218595145.jpg
2447,taxi,218597916.jpg
2448,taxi,218598758.jpg
2449,taxi,218609374.jpg
2450,taxi,218622649.jpg
2451,taxi,218623451.jpg
2452,taxi,218627347.jpg
2453,taxi,218655409.jpg
2454,taxi,218670583.jpg
2455,taxi,218681190.jpg
2456,taxi,218685986.jpg
2457,taxi,218687795.jpg
2458,taxi,218690372.jpg
2459,taxi,218698320.jpg
2460,taxi,218714018.jpg
2461,taxi,218738200.jpg
2462,taxi,218748243.jpg
2463,taxi,218757953.jpg
2464,taxi,218769647.jpg
2465,taxi,218776391.jpg
2466,taxi,218787302.jpg
2467,taxi,218791849.jpg
2468,taxi,218805085.jpg
2469,taxi,218811381.jpg
2470,taxi,218813121.jpg
2471,taxi,218832954.jpg
2472,taxi,218834664.jpg
2473,taxi,218835592.jpg
2474,taxi,218861019.jpg
2475,taxi,218892466.jpg
2476,taxi,218932282.jpg
2477,taxi,218941349.jpg
2478,taxi,218944731.jpg
2479,taxi,218948357.jpg
2480,taxi,218967295.jpg
2481,taxi,218988377.jpg
2482,taxi,219001613.jpg
2483,taxi,219012191.jpg
2484,taxi,219055109.jpg
2485,taxi,219055248.jpg
2486,vanet,193796538.jpg
2487,vanet,194260851.jpg
2488,vanet,194285934.jpg
2489,vanet,194604026.jpg
2490,vanet,194840733.jpg
2491,vanet,194841865.jpg
2492,vanet,194853070.jpg
2493,vanet,194872019.jpg
2494,vanet,194936120.jpg
2495,vanet,194942215.jpg
2496,vanet,194960996.jpg
2497,vanet,195080365.jpg
2498,vanet,195110811.jpg
2499,vanet,195132617.jpg
2500,vanet,195136808.jpg
2501,vanet,195147641.jpg
2502,vanet,195148040.jpg
2503,vanet,195151211.jpg
2504,vanet,195158727.jpg
2505,vanet,195165208.jpg
2506,vanet,195274804.jpg
2507,vanet,195297859.jpg
2508,vanet,195311741.jpg
2509,vanet,195371292.jpg
2510,vanet,195391348.jpg
2511,vanet,195395611.jpg
2512,vanet,195451128.jpg
2513,vanet,195478008.jpg
2514,vanet,195489956.jpg
2515,vanet,195646146.jpg
2516,vanet,195673270.jpg
2517,vanet,195691366.jpg
2518,vanet,195718438.jpg
2519,vanet,195720789.jpg
2520,vanet,195728454.jpg
2521,vanet,195729274.jpg
2522,vanet,195737410.jpg
2523,vanet,195740684.jpg
2524,vanet,195895243.jpg
2525,vanet,195950402.jpg
2526,vanet,195955288.jpg
2527,vanet,196095992.jpg
2528,vanet,196216785.jpg
2529,vanet,196271519.jpg
2530,vanet,196296699.jpg
2531,vanet,196305661.jpg
2532,vanet,196322593.jpg
2533,vanet,196472764.jpg
2534,vanet,196484539.jpg
2535,vanet,196501322.jpg
2536,vanet,196541912.jpg
2537,vanet,196586673.jpg
2538,vanet,196587192.jpg
2539,vanet,196600810.jpg
2540,vanet,196659846.jpg
2541,vanet,196691380.jpg
2542,vanet,196756713.jpg
2543,vanet,196935586.jpg
2544,vanet,196943968.jpg
2545,vanet,196946016.jpg
2546,vanet,196958341.jpg
2547,vanet,196993529.jpg
2548,vanet,197011245.jpg
2549,vanet,197012948.jpg
2550,vanet,197050396.jpg
2551,vanet,197051875.jpg
2552,vanet,197073034.jpg
2553,vanet,197126230.jpg
2554,vanet,197155144.jpg
2555,vanet,197223393.jpg
2556,vanet,197230014.jpg
2557,vanet,197237993.jpg
2558,vanet,197241414.jpg
2559,vanet,197248545.jpg
2560,vanet,197253666.jpg
2561,vanet,197255026.jpg
2562,vanet,197308030.jpg
2563,vanet,197316952.jpg
2564,vanet,197319173.jpg
2565,vanet,197375182.jpg
2566,vanet,197394524.jpg
2567,vanet,197400566.jpg
2568,vanet,197410959.jpg
2569,vanet,197417821.jpg
2570,vanet,197437140.jpg
2571,vanet,197440812.jpg
2572,vanet,197495997.jpg
2573,vanet,197508757.jpg
2574,vanet,197526482.jpg
2575,vanet,197527148.jpg
2576,vanet,197551635.jpg
2577,vanet,197560785.jpg
2578,vanet,197560959.jpg
2579,vanet,197599935.jpg
2580,vanet,197629171.jpg
2581,vanet,197642949.jpg
2582,vanet,197678284.jpg
2583,vanet,197702697.jpg
2584,vanet,197729524.jpg
2585,vanet,197741309.jpg
2586,vanet,197762795.jpg
2587,vanet,197799946.jpg
2588,vanet,197800952.jpg
2589,vanet,197801257.jpg
2590,vanet,197826422.jpg
2591,vanet,197844909.jpg
2592,vanet,197852665.jpg
2593,vanet,197880860.jpg
2594,vanet,197919941.jpg
2595,vanet,197957684.jpg
2596,vanet,197986381.jpg
2597,vanet,198019923.jpg
2598,vanet,198067483.jpg
2599,vanet,198067896.jpg
2600,vanet,198100361.jpg
2601,vanet,198119089.jpg
2602,vanet,198180001.jpg
2603,vanet,198246401.jpg
2604,vanet,198248524.jpg
2605,vanet,198251219.jpg
2606,vanet,198284815.jpg
2607,vanet,198361421.jpg
2608,vanet,198363928.jpg
2609,vanet,198366858.jpg
2610,vanet,198381413.jpg
2611,vanet,198401066.jpg
2612,vanet,198403132.jpg
2613,vanet,198415918.jpg
2614,vanet,198420720.jpg
2615,vanet,198422649.jpg
2616,vanet,198454664.jpg
2617,vanet,198460428.jpg
2618,vanet,198484121.jpg
2619,vanet,198487480.jpg
2620,vanet,198488181.jpg
2621,vanet,198502993.jpg
2622,vanet,198504276.jpg
2623,vanet,198521244.jpg
2624,vanet,198555767.jpg
2625,vanet,198578327.jpg
2626,vanet,198628181.jpg
2627,vanet,198682197.jpg
2628,vanet,198723141.jpg
2629,vanet,198738633.jpg
2630,vanet,198830904.jpg
2631,vanet,198922511.jpg
2632,vanet,198973233.jpg
2633,vanet,199126941.jpg
2634,vanet,199158191.jpg
2635,vanet,199169585.jpg
2636,vanet,199280248.jpg
2637,vanet,199318277.jpg
2638,vanet,199334653.jpg
2639,vanet,199339196.jpg
2640,vanet,199343837.jpg
2641,vanet,199392072.jpg
2642,vanet,199401055.jpg
2643,vanet,199405061.jpg
2644,vanet,199412925.jpg
2645,vanet,199447894.jpg
2646,vanet,199534377.jpg
2647,vanet,199550450.jpg
2648,vanet,199677477.jpg
2649,vanet,199706691.jpg
2650,vanet,199759650.jpg
2651,vanet,199788218.jpg
2652,vanet,199800413.jpg
2653,vanet,199831447.jpg
2654,vanet,199832901.jpg
2655,vanet,199942704.jpg
2656,vanet,199953375.jpg
2657,vanet,199998323.jpg
2658,vanet,200024004.jpg
2659,vanet,200298503.jpg
2660,vanet,200389158.jpg
2661,vanet,200420286.jpg
2662,vanet,200481076.jpg
2663,vanet,200495754.jpg
2664,vanet,200533750.jpg
2665,vanet,200609458.jpg
2666,vanet,200630697.jpg
2667,vanet,200794546.jpg
2668,vanet,200802999.jpg
2669,vanet,200823882.jpg
2670,vanet,200843665.jpg
2671,vanet,200932721.jpg
2672,vanet,200943051.jpg
2673,vanet,201094953.jpg
2674,vanet,201189023.jpg
2675,vanet,201223227.jpg
2676,vanet,201652374.jpg
2677,vanet,201758472.jpg
2678,vanet,201814328.jpg
2679,vanet,201847206.jpg
2680,vanet,201927527.jpg
2681,vanet,201971644.jpg
2682,vanet,201982839.jpg
2683,vanet,202019896.jpg
2684,vanet,202121208.jpg
2685,vanet,202667629.jpg
2686,vanet,202766710.jpg
2687,vanet,202784956.jpg
2688,vanet,202794779.jpg
2689,vanet,202810079.jpg
2690,vanet,202819083.jpg
2691,vanet,202875871.jpg
2692,vanet,202980222.jpg
2693,vanet,203213711.jpg
2694,vanet,203265997.jpg
2695,vanet,203270338.jpg
2696,vanet,203413968.jpg
2697,vanet,203454250.jpg
2698,vanet,203511630.jpg
2699,vanet,203739270.jpg
2700,vanet,204002318.jpg
2701,vanet,204195442.jpg
2702,vanet,204488081.jpg
2703,vanet,204556090.jpg
2704,vanet,204725649.jpg
2705,vanet,204859983.jpg
2706,vanet,205193554.jpg
2707,vanet,205262878.jpg
2708,vanet,205272178.jpg
2709,vanet,205317833.jpg
2710,vanet,205354707.jpg
2711,vanet,205359219.jpg
2712,vanet,205492654.jpg
2713,vanet,205573319.jpg
2714,vanet,205720297.jpg
2715,vanet,205760741.jpg
2716,vanet,205765142.jpg
2717,vanet,205839665.jpg
2718,vanet,205863988.jpg
2719,vanet,205952169.jpg
2720,vanet,205997164.jpg
2721,vanet,206019581.jpg
2722,vanet,206081296.jpg
2723,vanet,206095693.jpg
2724,vanet,206108673.jpg
2725,vanet,206133475.jpg
2726,vanet,206134330.jpg
2727,vanet,206146531.jpg
2728,vanet,206171093.jpg
2729,vanet,206216604.jpg
2730,vanet,206278229.jpg
2731,vanet,206287271.jpg
2732,vanet,206292031.jpg
2733,vanet,206341310.jpg
2734,vanet,206357127.jpg
2735,vanet,206569698.jpg
2736,vanet,206608462.jpg
2737,vanet,206612809.jpg
2738,vanet,206621017.jpg
2739,vanet,206651635.jpg
2740,vanet,206728042.jpg
2741,vanet,206739448.jpg
2742,vanet,206926152.jpg
2743,vanet,206990805.jpg
2744,vanet,207057519.jpg
2745,vanet,207079360.jpg
2746,vanet,207142000.jpg
2747,vanet,207142715.jpg
2748,vanet,207156622.jpg
2749,vanet,207163688.jpg
2750,vanet,207200870.jpg
2751,vanet,207379908.jpg
2752,vanet,207385887.jpg
2753,vanet,207410682.jpg
2754,vanet,207534276.jpg
2755,vanet,207573757.jpg
2756,vanet,207596603.jpg
2757,vanet,207677276.jpg
2758,vanet,207684145.jpg
2759,vanet,207721906.jpg
2760,vanet,207739732.jpg
2761,vanet,207748261.jpg
2762,vanet,207749551.jpg
2763,vanet,207752161.jpg
2764,vanet,207758538.jpg
2765,vanet,207767728.jpg
2766,vanet,207785775.jpg
2767,vanet,207786156.jpg
2768,vanet,207803201.jpg
2769,vanet,207846586.jpg
2770,vanet,207848730.jpg
2771,vanet,207849483.jpg
2772,vanet,207850008.jpg
2773,vanet,207857872.jpg
2774,vanet,207861786.jpg
2775,vanet,207965767.jpg
2776,vanet,207974100.jpg
2777,vanet,208014246.jpg
2778,vanet,208025714.jpg
2779,vanet,208031990.jpg
2780,vanet,208044083.jpg
2781,vanet,208096370.jpg
2782,vanet,208115002.jpg
2783,vanet,208129801.jpg
2784,vanet,208131330.jpg
2785,vanet,208228643.jpg
2786,vanet,208270780.jpg
2787,vanet,208280084.jpg
2788,vanet,208285763.jpg
2789,vanet,208337677.jpg
2790,vanet,208339363.jpg
2791,vanet,208422550.jpg
2792,vanet,208472560.jpg
2793,vanet,208475226.jpg
2794,vanet,208529735.jpg
2795,vanet,208582339.jpg
2796,vanet,208592216.jpg
2797,vanet,208593884.jpg
2798,vanet,208635729.jpg
2799,vanet,208657736.jpg
2800,vanet,208671162.jpg
2801,vanet,208675127.jpg
2802,vanet,208758342.jpg
2803,vanet,208758405.jpg
2804,vanet,208789361.jpg
2805,vanet,208840760.jpg
2806,vanet,209096424.jpg
2807,vanet,209172997.jpg
2808,vanet,209271297.jpg
2809,vanet,209320911.jpg
2810,vanet,209440438.jpg
2811,vanet,209493858.jpg
2812,vanet,209500130.jpg
2813,vanet,209693167.jpg
2814,vanet,209726658.jpg
2815,vanet,209766482.jpg
2816,vanet,209813193.jpg
2817,vanet,209913836.jpg
2818,vanet,209919775.jpg
2819,vanet,209937838.jpg
2820,vanet,209943473.jpg
2821,vanet,210121027.jpg
2822,vanet,210379308.jpg
2823,vanet,210603202.jpg
2824,vanet,210682674.jpg
2825,vanet,210735083.jpg
2826,vanet,210908141.jpg
2827,vanet,211040523.jpg
2828,vanet,211048353.jpg
2829,vanet,211529650.jpg
2830,vanet,211742372.jpg
2831,vanet,211821251.jpg
2832,vanet,211868443.jpg
2833,vanet,211921402.jpg
2834,vanet,211960009.jpg
2835,vanet,211979013.jpg
2836,vanet,212001729.jpg
2837,vanet,212002204.jpg
2838,vanet,212029693.jpg
2839,vanet,212037438.jpg
2840,vanet,212107731.jpg
2841,vanet,212130689.jpg
2842,vanet,212131849.jpg
2843,vanet,212164480.jpg
2844,vanet,212177980.jpg
2845,vanet,212188576.jpg
2846,vanet,212199241.jpg
2847,vanet,212228652.jpg
2848,vanet,212246766.jpg
2849,vanet,212275461.jpg
2850,vanet,212286109.jpg
2851,vanet,212344272.jpg
2852,vanet,212359578.jpg
2853,vanet,212397930.jpg
2854,vanet,212400936.jpg
2855,vanet,212462069.jpg
2856,vanet,212465016.jpg
2857,vanet,212468834.jpg
2858,vanet,212557753.jpg
2859,vanet,212662044.jpg
2860,vanet,212665899.jpg
2861,vanet,212755321.jpg
2862,vanet,212764267.jpg
2863,vanet,212794066.jpg
2864,vanet,212899489.jpg
2865,vanet,212933941.jpg
2866,vanet,212946567.jpg
2867,vanet,213022159.jpg
2868,vanet,213024260.jpg
2869,vanet,213201102.jpg
2870,vanet,213213974.jpg
2871,vanet,213250902.jpg
2872,vanet,213306634.jpg
2873,vanet,213323692.jpg
2874,vanet,213349964.jpg
2875,vanet,213358509.jpg
2876,vanet,213453392.jpg
2877,vanet,213474257.jpg
2878,vanet,213477815.jpg
2879,vanet,213499081.jpg
2880,vanet,213510187.jpg
2881,vanet,213512974.jpg
2882,vanet,213516467.jpg
2883,vanet,213543287.jpg
2884,vanet,213563450.jpg
2885,vanet,213596552.jpg
2886,vanet,213632816.jpg
2887,vanet,213693780.jpg
2888,vanet,213797207.jpg
2889,vanet,213802809.jpg
2890,vanet,213961662.jpg
2891,vanet,214033035.jpg
2892,vanet,214048101.jpg
2893,vanet,214176969.jpg
2894,vanet,214297729.jpg
2895,vanet,214354307.jpg
2896,vanet,214415720.jpg
2897,vanet,214500693.jpg
2898,vanet,214538220.jpg
2899,vanet,214570473.jpg
2900,vanet,214575134.jpg
2901,vanet,214596732.jpg
2902,vanet,214628303.jpg
2903,vanet,214679839.jpg
2904,vanet,214704493.jpg
2905,vanet,214710884.jpg
2906,vanet,214716307.jpg
2907,vanet,214726285.jpg
2908,vanet,214758714.jpg
2909,vanet,214776623.jpg
2910,vanet,214814000.jpg
2911,vanet,214844236.jpg
2912,vanet,214846176.jpg
2913,vanet,215022451.jpg
2914,vanet,215055953.jpg
2915,vanet,215107013.jpg
2916,vanet,215109203.jpg
2917,vanet,215297064.jpg
2918,vanet,215575111.jpg
2919,vanet,215583918.jpg
2920,vanet,215616328.jpg
2921,vanet,215621022.jpg
2922,vanet,215714541.jpg
2923,vanet,215717560.jpg
2924,vanet,215726436.jpg
2925,vanet,215733811.jpg
2926,vanet,215738096.jpg
2927,vanet,215755752.jpg
2928,vanet,215821681.jpg
2929,vanet,215836175.jpg
2930,vanet,215857042.jpg
2931,vanet,215880051.jpg
2932,vanet,215891603.jpg
2933,vanet,215896255.jpg
2934,vanet,215904549.jpg
2935,vanet,215977687.jpg
2936,vanet,216034128.jpg
2937,vanet,216044833.jpg
2938,vanet,216085337.jpg
2939,vanet,216105326.jpg
2940,vanet,216107182.jpg
2941,vanet,216119284.jpg
2942,vanet,216129042.jpg
2943,vanet,216156094.jpg
2944,vanet,216245889.jpg
2945,vanet,216335667.jpg
2946,vanet,216342000.jpg
2947,vanet,216352099.jpg
2948,vanet,216417392.jpg
2949,vanet,216425162.jpg
2950,vanet,216462815.jpg
2951,vanet,216463352.jpg
2952,vanet,216485447.jpg
2953,vanet,216525289.jpg
2954,vanet,216534642.jpg
2955,vanet,216566708.jpg
2956,vanet,216572155.jpg
2957,vanet,216606189.jpg
2958,vanet,216618067.jpg
2959,vanet,216646205.jpg
2960,vanet,216688804.jpg
2961,vanet,216713191.jpg
2962,vanet,216752426.jpg
2963,vanet,216755768.jpg
2964,vanet,216758585.jpg
2965,vanet,216766888.jpg
2966,vanet,216797745.jpg
2967,vanet,216830335.jpg
2968,vanet,216849972.jpg
2969,vanet,216972735.jpg
2970,vanet,216976584.jpg
2971,vanet,216996756.jpg
2972,vanet,217018686.jpg
2973,vanet,217028894.jpg
2974,vanet,217136863.jpg
2975,vanet,217170964.jpg
2976,vanet,217178596.jpg
2977,vanet,217207555.jpg
2978,vanet,217212790.jpg
2979,vanet,217216852.jpg
2980,vanet,217231423.jpg
2981,vanet,217260102.jpg
2982,vanet,217322801.jpg
2983,vanet,217352815.jpg
2984,vanet,217401649.jpg
2985,vanet,217412296.jpg
2986,vanet,217426680.jpg
2987,vanet,217427995.jpg
2988,vanet,217434868.jpg
2989,vanet,217515157.jpg
2990,vanet,217554061.jpg
2991,vanet,217558673.jpg
2992,vanet,217570438.jpg
2993,vanet,217624535.jpg
2994,vanet,217670439.jpg
2995,vanet,217684475.jpg
2996,vanet,217698430.jpg
2997,vanet,217750010.jpg
2998,vanet,217784730.jpg
2999,vanet,217829551.jpg
3000,vanet,217834045.jpg
3001,vanet,217844142.jpg
3002,vanet,217881286.jpg
3003,vanet,217889120.jpg
3004,vanet,217953654.jpg
3005,vanet,217964355.jpg
3006,vanet,217970196.jpg
3007,vanet,217981226.jpg
3008,vanet,217990722.jpg
3009,vanet,218015373.jpg
3010,vanet,218022599.jpg
3011,vanet,218042482.jpg
3012,vanet,218044166.jpg
3013,vanet,218059558.jpg
3014,vanet,218080336.jpg
3015,vanet,218080868.jpg
3016,vanet,218088144.jpg
3017,vanet,218101940.jpg
3018,vanet,218120114.jpg
3019,vanet,218153586.jpg
3020,vanet,218169177.jpg
3021,vanet,218187967.jpg
3022,vanet,218189460.jpg
3023,vanet,218206335.jpg
3024,vanet,218216229.jpg
3025,vanet,218251629.jpg
3026,vanet,218258133.jpg
3027,vanet,218259572.jpg
3028,vanet,218269888.jpg
3029,vanet,218299620.jpg
3030,vanet,218352401.jpg
3031,vanet,218353100.jpg
3032,vanet,218377226.jpg
3033,vanet,218383178.jpg
3034,vanet,218481035.jpg
3035,vanet,218514544.jpg
3036,vanet,218516808.jpg
3037,vanet,218530330.jpg
3038,vanet,218565025.jpg
3039,vanet,218571705.jpg
3040,vanet,218575779.jpg
3041,vanet,218587266.jpg
3042,vanet,218594379.jpg
3043,vanet,218602877.jpg
3044,vanet,218619586.jpg
3045,vanet,218621398.jpg
3046,vanet,218624569.jpg
3047,vanet,218635722.jpg
3048,vanet,218653329.jpg
3049,vanet,218667942.jpg
3050,vanet,218692911.jpg
3051,vanet,218700051.jpg
3052,vanet,218701154.jpg
3053,vanet,218706383.jpg
3054,vanet,218706427.jpg
3055,vanet,218706597.jpg
3056,vanet,218733711.jpg
3057,vanet,218753316.jpg
3058,vanet,218769882.jpg
3059,vanet,218790292.jpg
3060,vanet,218794461.jpg
3061,vanet,218807198.jpg
3062,vanet,218807829.jpg
3063,vanet,218847866.jpg
3064,vanet,218870355.jpg
3065,vanet,218873530.jpg
3066,vanet,218879049.jpg
3067,vanet,218879297.jpg
3068,vanet,218890033.jpg
3069,vanet,218912535.jpg
3070,vanet,218932038.jpg
3071,vanet,218955810.jpg
3072,vanet,218970336.jpg
3073,vanet,218980394.jpg
3074,vanet,218981053.jpg
3075,vanet,218984663.jpg
3076,vanet,218984817.jpg
3077,vanet,219013565.jpg
3078,vanet,219016956.jpg
3079,vanet,219037231.jpg
3080,vanet,219088134.jpg
3081,vanet,219117401.jpg
3082,vanet,219127494.jpg
