sample_index,path,true_class,pred_class,confidence
695,D:\BootCamp Sharif AI\Project 2 - Vehicle Classifier with traffic images\dataset\Combined Dataset\train\vanet\208034728.jpg,vanet,savari,0.9376169
632,D:\BootCamp Sharif AI\Project 2 - Vehicle Classifier with traffic images\dataset\Combined Dataset\train\vanet\196951112.jpg,vanet,savari,0.9276352
763,D:\BootCamp Sharif AI\Project 2 - Vehicle Classifier with traffic images\dataset\Combined Dataset\train\vanet\218629561.jpg,vanet,savari,0.909981
534,D:\BootCamp Sharif AI\Project 2 - Vehicle Classifier with traffic images\dataset\Combined Dataset\train\taxi\199946477.jpg,taxi,savari,0.8761136
562,D:\BootCamp Sharif AI\Project 2 - Vehicle Classifier with traffic images\dataset\Combined Dataset\train\taxi\215928273.jpg,taxi,kamyunet,0.8602048
746,D:\BootCamp Sharif AI\Project 2 - Vehicle Classifier with traffic images\dataset\Combined Dataset\train\vanet\216896507.jpg,vanet,autobus,0.8590451
442,D:\BootCamp Sharif AI\Project 2 - Vehicle Classifier with traffic images\dataset\Combined Dataset\train\savari\205754454.jpg,savari,taxi,0.85301876
587,D:\BootCamp Sharif AI\Project 2 - Vehicle Classifier with traffic images\dataset\Combined Dataset\train\taxi\217270060.jpg,taxi,savari,0.8426195
369,D:\BootCamp Sharif AI\Project 2 - Vehicle Classifier with traffic images\dataset\Combined Dataset\train\minibus\210102531.jpg,minibus,kamyunet,0.8229075
227,D:\BootCamp Sharif AI\Project 2 - Vehicle Classifier with traffic images\dataset\Combined Dataset\train\kamyunet\199185521.jpg,kamyunet,kamyun,0.8206828
213,D:\BootCamp Sharif AI\Project 2 - Vehicle Classifier with traffic images\dataset\Combined Dataset\train\kamyunet\193171555.jpg,kamyunet,minibus,0.8182505
741,D:\BootCamp Sharif AI\Project 2 - Vehicle Classifier with traffic images\dataset\Combined Dataset\train\vanet\216384546.jpg,vanet,savari,0.80888027
204,D:\BootCamp Sharif AI\Project 2 - Vehicle Classifier with traffic images\dataset\Combined Dataset\train\kamyun\218330500.jpg,kamyun,ambulance,0.80437815
324,D:\BootCamp Sharif AI\Project 2 - Vehicle Classifier with traffic images\dataset\Combined Dataset\train\kamyunet\218568954.jpg,kamyunet,kamyun,0.7859003
687,D:\BootCamp Sharif AI\Project 2 - Vehicle Classifier with traffic images\dataset\Combined Dataset\train\vanet\207074343.jpg,vanet,savari,0.7682824
601,D:\BootCamp Sharif AI\Project 2 - Vehicle Classifier with traffic images\dataset\Combined Dataset\train\taxi\218006006.jpg,taxi,savari,0.7664223
607,D:\BootCamp Sharif AI\Project 2 - Vehicle Classifier with traffic images\dataset\Combined Dataset\train\taxi\218140851.jpg,taxi,savari,0.7605742
538,D:\BootCamp Sharif AI\Project 2 - Vehicle Classifier with traffic images\dataset\Combined Dataset\train\taxi\212015814.jpg,taxi,vanet,0.75651914
217,D:\BootCamp Sharif AI\Project 2 - Vehicle Classifier with traffic images\dataset\Combined Dataset\train\kamyunet\195660529.jpg,kamyunet,kamyun,0.7349856
240,D:\BootCamp Sharif AI\Project 2 - Vehicle Classifier with traffic images\dataset\Combined Dataset\train\kamyunet\211410411.jpg,kamyunet,kamyun,0.7258113
430,D:\BootCamp Sharif AI\Project 2 - Vehicle Classifier with traffic images\dataset\Combined Dataset\train\savari\198340571.jpg,savari,vanet,0.7142304
691,D:\BootCamp Sharif AI\Project 2 - Vehicle Classifier with traffic images\dataset\Combined Dataset\train\vanet\207517475.jpg,vanet,savari,0.6851984
257,D:\BootCamp Sharif AI\Project 2 - Vehicle Classifier with traffic images\dataset\Combined Dataset\train\kamyunet\215345300.jpg,kamyunet,minibus,0.6831889
190,D:\BootCamp Sharif AI\Project 2 - Vehicle Classifier with traffic images\dataset\Combined Dataset\train\kamyun\216317771.jpg,kamyun,kamyunet,0.6750036
333,D:\BootCamp Sharif AI\Project 2 - Vehicle Classifier with traffic images\dataset\Combined Dataset\train\kamyunet\218720188.jpg,kamyunet,kamyun,0.66813207
186,D:\BootCamp Sharif AI\Project 2 - Vehicle Classifier with traffic images\dataset\Combined Dataset\train\kamyun\215956539.jpg,kamyun,kamyunet,0.66803473
570,D:\BootCamp Sharif AI\Project 2 - Vehicle Classifier with traffic images\dataset\Combined Dataset\train\taxi\216241992.jpg,taxi,savari,0.664888
209,D:\BootCamp Sharif AI\Project 2 - Vehicle Classifier with traffic images\dataset\Combined Dataset\train\kamyun\218830724.jpg,kamyun,autobus,0.6576764
4,D:\BootCamp Sharif AI\Project 2 - Vehicle Classifier with traffic images\dataset\Combined Dataset\train\ambulance\205326290.jpg,ambulance,vanet,0.6534098
555,D:\BootCamp Sharif AI\Project 2 - Vehicle Classifier with traffic images\dataset\Combined Dataset\train\taxi\215647683.jpg,taxi,vanet,0.64417136
589,D:\BootCamp Sharif AI\Project 2 - Vehicle Classifier with traffic images\dataset\Combined Dataset\train\taxi\217395242.jpg,taxi,savari,0.64349324
110,D:\BootCamp Sharif AI\Project 2 - Vehicle Classifier with traffic images\dataset\Combined Dataset\train\autobus\216022475.jpg,autobus,kamyunet,0.63624966
752,D:\BootCamp Sharif AI\Project 2 - Vehicle Classifier with traffic images\dataset\Combined Dataset\train\vanet\217493909.jpg,vanet,savari,0.6293824
163,D:\BootCamp Sharif AI\Project 2 - Vehicle Classifier with traffic images\dataset\Combined Dataset\train\kamyun\194253735.jpg,kamyun,kamyunet,0.6171044
293,D:\BootCamp Sharif AI\Project 2 - Vehicle Classifier with traffic images\dataset\Combined Dataset\train\kamyunet\216835885.jpg,kamyunet,autobus,0.61539876
177,D:\BootCamp Sharif AI\Project 2 - Vehicle Classifier with traffic images\dataset\Combined Dataset\train\kamyun\215435203.jpg,kamyun,kamyunet,0.60172874
582,D:\BootCamp Sharif AI\Project 2 - Vehicle Classifier with traffic images\dataset\Combined Dataset\train\taxi\217016702.jpg,taxi,savari,0.59363073
368,D:\BootCamp Sharif AI\Project 2 - Vehicle Classifier with traffic images\dataset\Combined Dataset\train\minibus\210101333.jpg,minibus,kamyun,0.5868383
194,D:\BootCamp Sharif AI\Project 2 - Vehicle Classifier with traffic images\dataset\Combined Dataset\train\kamyun\216591450.jpg,kamyun,kamyunet,0.57496226
171,D:\BootCamp Sharif AI\Project 2 - Vehicle Classifier with traffic images\dataset\Combined Dataset\train\kamyun\208307172.jpg,kamyun,kamyunet,0.5673095
590,D:\BootCamp Sharif AI\Project 2 - Vehicle Classifier with traffic images\dataset\Combined Dataset\train\taxi\217418779.jpg,taxi,vanet,0.56427544
63,D:\BootCamp Sharif AI\Project 2 - Vehicle Classifier with traffic images\dataset\Combined Dataset\train\ambulance\218659907.jpg,ambulance,kamyunet,0.5560202
212,D:\BootCamp Sharif AI\Project 2 - Vehicle Classifier with traffic images\dataset\Combined Dataset\train\kamyun\219107667.jpg,kamyun,kamyunet,0.5546909
615,D:\BootCamp Sharif AI\Project 2 - Vehicle Classifier with traffic images\dataset\Combined Dataset\train\taxi\218778376.jpg,taxi,autobus,0.5473619
175,D:\BootCamp Sharif AI\Project 2 - Vehicle Classifier with traffic images\dataset\Combined Dataset\train\kamyun\214617464.jpg,kamyun,autobus,0.54716414
258,D:\BootCamp Sharif AI\Project 2 - Vehicle Classifier with traffic images\dataset\Combined Dataset\train\kamyunet\215575740.jpg,kamyunet,kamyun,0.538019
265,D:\BootCamp Sharif AI\Project 2 - Vehicle Classifier with traffic images\dataset\Combined Dataset\train\kamyunet\215795207.jpg,kamyunet,minibus,0.5214014
390,D:\BootCamp Sharif AI\Project 2 - Vehicle Classifier with traffic images\dataset\Combined Dataset\train\minibus\215774280.jpg,minibus,autobus,0.5098029
304,D:\BootCamp Sharif AI\Project 2 - Vehicle Classifier with traffic images\dataset\Combined Dataset\train\kamyunet\217644872.jpg,kamyunet,kamyun,0.49956653
281,D:\BootCamp Sharif AI\Project 2 - Vehicle Classifier with traffic images\dataset\Combined Dataset\train\kamyunet\216324458.jpg,kamyunet,kamyun,0.4960182
197,D:\BootCamp Sharif AI\Project 2 - Vehicle Classifier with traffic images\dataset\Combined Dataset\train\kamyun\216797255.jpg,kamyun,vanet,0.47542113
298,D:\BootCamp Sharif AI\Project 2 - Vehicle Classifier with traffic images\dataset\Combined Dataset\train\kamyunet\217083046.jpg,kamyunet,autobus,0.45032683
62,D:\BootCamp Sharif AI\Project 2 - Vehicle Classifier with traffic images\dataset\Combined Dataset\train\ambulance\218644798.jpg,ambulance,autobus,0.4229889
474,D:\BootCamp Sharif AI\Project 2 - Vehicle Classifier with traffic images\dataset\Combined Dataset\train\savari\215700187.jpg,savari,ambulance,0.40769947
381,D:\BootCamp Sharif AI\Project 2 - Vehicle Classifier with traffic images\dataset\Combined Dataset\train\minibus\214810628.jpg,minibus,kamyunet,0.39815736
303,D:\BootCamp Sharif AI\Project 2 - Vehicle Classifier with traffic images\dataset\Combined Dataset\train\kamyunet\217624081.jpg,kamyunet,minibus,0.39632404
252,D:\BootCamp Sharif AI\Project 2 - Vehicle Classifier with traffic images\dataset\Combined Dataset\train\kamyunet\215059402.jpg,kamyunet,kamyun,0.3927233
315,D:\BootCamp Sharif AI\Project 2 - Vehicle Classifier with traffic images\dataset\Combined Dataset\train\kamyunet\218078546.jpg,kamyunet,autobus,0.36794066
766,D:\BootCamp Sharif AI\Project 2 - Vehicle Classifier with traffic images\dataset\Combined Dataset\train\vanet\218844658.jpg,vanet,autobus,0.36222363
355,D:\BootCamp Sharif AI\Project 2 - Vehicle Classifier with traffic images\dataset\Combined Dataset\train\minibus\199656777.jpg,minibus,ambulance,0.35059655
566,D:\BootCamp Sharif AI\Project 2 - Vehicle Classifier with traffic images\dataset\Combined Dataset\train\taxi\216098185.jpg,taxi,kamyunet,0.31337178
346,D:\BootCamp Sharif AI\Project 2 - Vehicle Classifier with traffic images\dataset\Combined Dataset\train\minibus\194314557.jpg,minibus,vanet,0.30245304
