model,best_epoch,accuracy,macro_precision,macro_recall,macro_f1,lowest_recall_class,lowest_precision_class,val_loss,trainable_params
full_ablation_bce,49,94.81,94.04,95.06,94.47,kamyun,kamyun,0.0472,981288
full_ablation_bce_plateau_decoy,34,94.81,94.17,94.92,94.45,kamyunet,kamyun,0.0458,981288
full_ablation_plateau,50,94.81,94.01,94.49,94.22,kamyun,kamyun,0.1669,981288
full_ablation_wdecay-e-2,45,94.29,93.8,93.59,93.67,kamyun,kamyun,0.1812,981288
full_ablation_DO.3,46,94.03,93.35,93.59,93.44,kamyun,kamyun,0.1834,981288
full_ablation_DO.5,46,94.03,93.35,93.59,93.44,kamyun,kamyun,0.1834,981288
full_ablation,46,94.03,93.35,93.59,93.44,kamyun,kamyun,0.1834,981288
full_ablation_avgpool,46,94.03,93.35,93.59,93.44,kamyun,kamyun,0.1834,981288
full_ablation_wdecay-e-4,50,94.16,93.74,93.17,93.42,kamyun,kamyun,0.1876,981288
depth5,24,93.26,93.17,92.23,92.62,kamyun,kamyun,0.2241,981288
imbalanced_balanced,46,92.35,92.6,91.12,91.6,kamyun,kamyun,0.2763,981288
step_lr_&_aug_50epoch,45,89.75,89.14,89.5,89.15,kamyun,kamyun,0.3308,390952
imbalanced_standard,48,90.66,91.13,87.63,88.73,kamyun,kamyunet,0.2765,981288
baseline_cnn,28,86.27,87.64,83.83,84.86,kamyun,kamyun,0.454,390952
step_lr,24,83.79,83.71,83.59,82.98,kamyunet,kamyun,0.4543,390952
aug,24,82.49,83.32,84.09,81.88,kamyunet,kamyun,0.5252,390952
