<empty>,split,class,filename,action,new_split,new_class,reason
,test,vanet,195003645.jpg,relabel,test,neysan,
,test,vanet,197277284.jpg,relabel,test,neysan,
,test,vanet,197500908.jpg,relabel,test,neysan,
,test,vanet,198081331.jpg,relabel,test,neysan,
,test,vanet,198532786.jpg,relabel,test,neysan,
,test,vanet,200792774.jpg,relabel,test,neysan,
,test,vanet,203362157.jpg,relabel,test,neysan,
,test,vanet,203938980.jpg,relabel,test,neysan,
,test,vanet,204405545.jpg,relabel,test,neysan,
,test,vanet,205788026.jpg,relabel,test,neysan,
,test,vanet,206157146.jpg,relabel,test,neysan,
,test,vanet,207089258.jpg,relabel,test,neysan,
,test,vanet,207588795.jpg,relabel,test,neysan,
,test,vanet,207864719.jpg,relabel,test,neysan,
,test,vanet,208195180.jpg,relabel,test,neysan,
,test,vanet,208431179.jpg,relabel,test,neysan,
,test,vanet,209303406.jpg,relabel,test,neysan,
,test,vanet,209893847.jpg,relabel,test,neysan,
,test,vanet,211397697.jpg,relabel,test,neysan,
,test,vanet,211681485.jpg,relabel,test,neysan,
,test,vanet,212205108.jpg,relabel,test,neysan,
,test,vanet,212916547.jpg,relabel,test,neysan,
,test,vanet,213393744.jpg,relabel,test,neysan,
,test,vanet,213775881.jpg,relabel,test,neysan,
,test,vanet,214782972.jpg,relabel,test,neysan,
,test,vanet,215607701.jpg,relabel,test,neysan,
,test,vanet,216279064.jpg,relabel,test,neysan,
,test,vanet,216727686.jpg,relabel,test,neysan,
,test,vanet,217192410.jpg,relabel,test,neysan,
,test,vanet,217977559.jpg,relabel,test,neysan,
,test,vanet,218061222.jpg,relabel,test,neysan,
,test,vanet,218311235.jpg,relabel,test,neysan,
,test,vanet,218438512.jpg,relabel,test,neysan,
,test,vanet,218886563.jpg,relabel,test,neysan,
,test,vanet,218939947.jpg,relabel,test,neysan,
,train,vanet,194840733.jpg,relabel,train,neysan,
,train,vanet,195737410.jpg,relabel,train,neysan,
,train,vanet,196587192.jpg,relabel,train,neysan,
,train,vanet,197030864.jpg,relabel,train,neysan,
,train,vanet,197410959.jpg,relabel,train,neysan,
,train,vanet,197642949.jpg,relabel,train,neysan,
,train,vanet,197702697.jpg,relabel,train,neysan,
,train,vanet,197762795.jpg,relabel,train,neysan,
,train,vanet,198521244.jpg,relabel,train,neysan,
,train,vanet,199411077.jpg,relabel,train,neysan,
,train,vanet,200533750.jpg,relabel,train,neysan,
,train,vanet,200823882.jpg,relabel,train,neysan,
,train,vanet,201998076.jpg,relabel,train,neysan,
,train,vanet,203270338.jpg,relabel,train,neysan,
,train,vanet,205262878.jpg,relabel,train,neysan,
,train,vanet,207057519.jpg,relabel,train,neysan,
,train,vanet,207379908.jpg,relabel,train,neysan,
,train,vanet,207803201.jpg,relabel,train,neysan,
,train,vanet,208237798.jpg,relabel,train,neysan,
,train,vanet,208328663.jpg,relabel,train,neysan,
,train,vanet,212199241.jpg,relabel,train,neysan,
,train,vanet,214572271.jpg,relabel,train,neysan,
,train,vanet,214596732.jpg,relabel,train,neysan,
,train,vanet,214844236.jpg,relabel,train,neysan,
,train,vanet,216034128.jpg,relabel,train,neysan,
,train,vanet,216107182.jpg,relabel,train,neysan,
,train,vanet,216352099.jpg,relabel,train,neysan,
,train,vanet,217558673.jpg,relabel,train,neysan,
,train,vanet,217970196.jpg,relabel,train,neysan,
,train,vanet,218059558.jpg,relabel,train,neysan,
,train,vanet,218080336.jpg,relabel,train,neysan,
,train,vanet,218080868.jpg,relabel,train,neysan,
,train,vanet,218481035.jpg,relabel,train,neysan,
,train,vanet,218579053.jpg,relabel,train,neysan,
,train,vanet,218667942.jpg,relabel,train,neysan,
,train,vanet,218753316.jpg,relabel,train,neysan,
,unclean,vanet,194853070.jpg,relabel,unclean,neysan,
,unclean,vanet,195080365.jpg,relabel,unclean,neysan,
,unclean,vanet,195673270.jpg,relabel,unclean,neysan,
,unclean,vanet,197495997.jpg,relabel,unclean,neysan,
,unclean,vanet,197551635.jpg,relabel,unclean,neysan,
,unclean,vanet,197560785.jpg,relabel,unclean,neysan,
,unclean,vanet,197678284.jpg,relabel,unclean,neysan,
,unclean,vanet,197880860.jpg,relabel,unclean,neysan,
,unclean,vanet,197959333.jpg,relabel,unclean,neysan,
,unclean,vanet,198195169.jpg,relabel,unclean,neysan,
,unclean,vanet,198661396.jpg,relabel,unclean,neysan,
,unclean,vanet,199401055.jpg,relabel,unclean,neysan,
,unclean,vanet,200802999.jpg,relabel,unclean,neysan,
,unclean,vanet,203454250.jpg,relabel,unclean,neysan,
,unclean,vanet,204859983.jpg,relabel,unclean,neysan,
,unclean,vanet,206095693.jpg,relabel,unclean,neysan,
,unclean,vanet,207412597.jpg,relabel,unclean,neysan,
,unclean,vanet,208014246.jpg,relabel,unclean,neysan,
,unclean,vanet,208570612.jpg,relabel,unclean,neysan,
,unclean,vanet,208582339.jpg,relabel,unclean,neysan,
,unclean,vanet,208586813.jpg,relabel,unclean,neysan,
,unclean,vanet,208671162.jpg,relabel,unclean,neysan,
,unclean,vanet,209233623.jpg,relabel,unclean,neysan,
,unclean,vanet,212107731.jpg,relabel,unclean,neysan,
,unclean,vanet,212275461.jpg,relabel,unclean,neysan,
,unclean,vanet,213306634.jpg,relabel,unclean,neysan,
,unclean,vanet,215055953.jpg,relabel,unclean,neysan,
,unclean,vanet,215821681.jpg,relabel,unclean,neysan,
,unclean,vanet,215996114.jpg,relabel,unclean,neysan,
,unclean,vanet,216085337.jpg,relabel,unclean,neysan,
,unclean,vanet,216245889.jpg,relabel,unclean,neysan,
,unclean,vanet,216752426.jpg,relabel,unclean,neysan,
,unclean,vanet,217624535.jpg,relabel,unclean,neysan,
,unclean,vanet,217670439.jpg,relabel,unclean,neysan,
,unclean,vanet,218187967.jpg,relabel,unclean,neysan,
