<empty>,split,class,filename,action,new_split,new_class,reason,,Uniques,counts
primary manual check,,,,,,,,,,
,train,ambulance,201107960.jpg,exculde,,,unlearnable,,relabel,9
,train,ambulance,209441415.jpg,exculde,,,unlearnable,,exclude,53
,train,ambulance,211676031.jpg,exculde,,,unlearnable,,,
,train,ambulance,211996658.jpg,exculde,,,unlearnable,,,
,train,ambulance,217526919.jpg,exculde,,,unlearnable,,,
,train,kamyun,193062599.jpg,relabel,train,kamyunet,wrong image,,,
,train,kamyun,193568157.jpg,relabel,train,kamyunet,wrong image,,,
,train,kamyun,194252891.jpg,relabel,train,kamyunet,wrong image,,,
,train,kamyun,194280536.jpg,relabel,train,kamyunet,wrong image,,,
,train,kamyun,196384553.jpg,relabel,train,kamyunet,wrong image,,,
,train,kamyun,197919393.jpg,relabel,train,kamyunet,wrong image,,,
,train,kamyun,198081487.jpg,relabel,train,kamyunet,wrong image,,,
,train,kamyun,198119425.jpg,relabel,train,kamyunet,wrong image,,,
,train,kamyun,198229545.jpg,relabel,train,kamyunet,wrong image,,,
,train,kamyun,199172201.jpg,relabel,train,kamyunet,wrong image,,,
,train,kamyun,199213257.jpg,relabel,train,kamyunet,wrong image,,,
,train,kamyun,200170189.jpg,relabel,train,kamyunet,wrong image,,,
,train,kamyun,201179873.jpg,relabel,train,kamyunet,wrong image,,,
,train,kamyun,204655887.jpg,relabel,train,kamyunet,wrong image,,,
,train,kamyun,206174596.jpg,relabel,train,kamyunet,wrong image,,,
,train,kamyun,210109298.jpg,relabel,train,kamyunet,wrong image,,,
,train,kamyun,210749256.jpg,relabel,train,kamyunet,wrong image,,,
,train,kamyun,211105618.jpg,relabel,train,kamyunet,wrong image,,,
,train,kamyun,212770154.jpg,exculde,,,unlearnable,,,
,train,kamyun,213506642.jpg,relabel,train,kamyunet,wrong image,,,
,train,kamyun,214363172.jpg,relabel,train,kamyunet,wrong image,,,
,train,kamyun,214657348.jpg,relabel,train,kamyunet,wrong image,,,
,train,kamyun,214713226.jpg,relabel,train,kamyunet,wrong image,,,
,train,kamyun,214772097.jpg,relabel,train,kamyunet,wrong image,,,
,train,kamyun,215059402.jpg,relabel,train,kamyunet,wrong image,,,
,train,kamyun,215099946.jpg,relabel,train,kamyunet,wrong image,,,
,train,kamyun,215119243.jpg,relabel,train,kamyunet,wrong image,,,
,train,kamyun,215581412.jpg,relabel,train,kamyunet,wrong image,,,
,train,kamyun,215628455.jpg,relabel,train,kamyunet,wrong image,,,
,train,kamyun,215635130.jpg,relabel,train,kamyunet,wrong image,,,
,train,kamyun,215692883.jpg,relabel,train,kamyunet,wrong image,,,
,train,kamyun,215716022.jpg,relabel,train,kamyunet,wrong image,,,
,train,kamyun,215721968.jpg,relabel,train,kamyunet,wrong image,,,
,train,kamyun,215725553.jpg,relabel,train,kamyunet,wrong image,,,
,train,kamyun,215772828.jpg,relabel,train,kamyunet,wrong image,,,
,train,kamyun,215825393.jpg,relabel,train,kamyunet,wrong image,,,
,train,kamyun,215871113.jpg,relabel,train,kamyunet,wrong image,,,
,train,kamyun,216008162.jpg,relabel,train,kamyunet,wrong image,,,
,train,kamyun,216010811.jpg,relabel,train,kamyunet,wrong image,,,
,train,kamyun,216026504.jpg,relabel,train,kamyunet,wrong image,,,
,train,kamyun,216039996.jpg,relabel,train,kamyunet,wrong image,,,
,train,kamyun,216048837.jpg,relabel,train,kamyunet,wrong image,,,
,train,kamyun,216086881.jpg,relabel,train,kamyunet,wrong image,,,
,train,kamyun,216114804.jpg,relabel,train,kamyunet,wrong image,,,
,train,kamyun,216130239.jpg,relabel,train,kamyunet,wrong image,,,
,train,kamyun,216133020.jpg,relabel,train,kamyunet,wrong image,,,
,train,kamyun,216158404.jpg,relabel,train,kamyunet,wrong image,,,
,train,kamyun,216224608.jpg,relabel,train,kamyunet,wrong image,,,
,train,kamyun,216293604.jpg,relabel,train,kamyunet,wrong image,,,
,train,kamyun,216319937.jpg,relabel,train,kamyunet,wrong image,,,
,train,kamyun,216476063.jpg,relabel,train,kamyunet,wrong image,,,
,train,kamyun,216525295.jpg,relabel,train,kamyunet,wrong image,,,
,train,kamyun,216561920.jpg,relabel,train,kamyunet,wrong image,,,
,train,kamyun,216697023.jpg,relabel,train,kamyunet,wrong image,,,
,train,kamyun,216710667.jpg,relabel,train,kamyunet,wrong image,,,
,train,kamyun,216801664.jpg,relabel,train,kamyunet,wrong image,,,
,train,kamyun,216822835.jpg,relabel,train,kamyunet,wrong image,,,
,train,kamyun,216830421.jpg,relabel,train,kamyunet,wrong image,,,
,train,kamyun,216835885.jpg,relabel,train,kamyunet,wrong image,,,
,train,kamyun,216857360.jpg,relabel,train,kamyunet,wrong image,,,
,train,kamyun,216977256.jpg,relabel,train,kamyunet,wrong image,,,
,train,kamyun,216984093.jpg,relabel,train,kamyunet,wrong image,,,
,train,kamyun,217007303.jpg,exculde,,,unlearnable,,,
,train,kamyun,217007653.jpg,relabel,train,kamyunet,wrong image,,,
,train,kamyun,217067503.jpg,relabel,train,kamyunet,wrong image,,,
,train,kamyun,217219987.jpg,relabel,train,kamyunet,wrong image,,,
,train,kamyun,217314647.jpg,relabel,train,kamyunet,wrong image,,,
,train,kamyun,217341470.jpg,relabel,train,kamyunet,wrong image,,,
,train,kamyun,217381231.jpg,relabel,train,kamyunet,wrong image,,,
,train,kamyun,217404366.jpg,relabel,train,kamyunet,wrong image,,,
,train,kamyun,217791052.jpg,relabel,train,kamyunet,wrong image,,,
,train,kamyun,217957818.jpg,relabel,train,kamyunet,wrong image,,,
,train,kamyun,218154755.jpg,relabel,train,kamyunet,wrong image,,,
,train,kamyun,218181782.jpg,relabel,train,kamyunet,wrong image,,,
,train,kamyun,218231967.jpg,relabel,train,kamyunet,wrong image,,,
,train,kamyun,218259349.jpg,relabel,train,kamyunet,wrong image,,,
,train,kamyun,218532550.jpg,relabel,train,kamyunet,wrong image,,,
,train,kamyun,218555708.jpg,relabel,train,kamyunet,wrong image,,,
,train,kamyun,218562973.jpg,relabel,train,kamyunet,wrong image,,,
,train,kamyun,218586502.jpg,relabel,train,kamyunet,wrong image,,,
,train,kamyun,218594904.jpg,relabel,train,kamyunet,wrong image,,,
,train,kamyun,218626203.jpg,relabel,train,kamyunet,wrong image,,,
,train,kamyun,218644842.jpg,relabel,train,kamyunet,wrong image,,,
,train,kamyun,218714519.jpg,relabel,train,kamyunet,wrong image,,,
,train,kamyun,218719693.jpg,relabel,train,kamyunet,wrong image,,,
,train,kamyun,218720188.jpg,relabel,train,kamyunet,wrong image,,,
,train,kamyun,218722185.jpg,relabel,train,kamyunet,wrong image,,,
,train,kamyun,218733055.jpg,relabel,train,kamyunet,wrong image,,,
,train,kamyun,218760762.jpg,relabel,train,kamyunet,wrong image,,,
,train,kamyun,218764401.jpg,relabel,train,kamyunet,wrong image,,,
,train,kamyun,218778629.jpg,relabel,train,kamyunet,wrong image,,,
,train,kamyun,218793846.jpg,relabel,train,kamyunet,wrong image,,,
,train,kamyun,218827750.jpg,relabel,train,kamyunet,wrong image,,,
,train,kamyun,218855953.jpg,relabel,train,kamyunet,wrong image,,,
,train,kamyun,218884618.jpg,relabel,train,kamyunet,wrong image,,,
,train,kamyun,218906168.jpg,relabel,train,kamyunet,wrong image,,,
,train,kamyun,218951158.jpg,relabel,train,kamyunet,wrong image,,,
,train,kamyun,218963215.jpg,relabel,train,kamyunet,wrong image,,,
,train,kamyun,218967036.jpg,relabel,train,kamyunet,wrong image,,,
,train,kamyun,218977616.jpg,relabel,train,kamyunet,wrong image,,,
,train,kamyun,219126289.jpg,relabel,train,kamyunet,wrong image,,,
,train,kamyun,219107667.jpg,relabel,train,kamyunet,wrong image,,,
,train,kamyun,219095831.jpg,relabel,train,kamyunet,wrong image,,,
,train,kamyun,219064884.jpg,relabel,train,kamyunet,wrong image,,,
,train,kamyun,219057756.jpg,relabel,train,kamyunet,wrong image,,,
,train,kamyun,219002808.jpg,relabel,train,kamyunet,wrong image,,,
,train,kamyun,218979754.jpg,relabel,train,kamyunet,wrong image,,,
,train,minibus,199981262.jpg,exculde,,,not classified,,,
,train,minibus,216127047.jpg,exculde,,,not classified,,,
,train,savari,203730891.jpg,relabel,train,taxi,wrong image,,,
,train,savari,206803325.jpg,relabel,train,taxi,wrong image,,,
,train,taxi,216191824.jpg,exculde,,,not classified,,,
,train,taxi,216526649.jpg,exculde,,,unlearnable,,,
,train,taxi,216561625.jpg,exculde,,,unlearnable,,,
,train,taxi,216587611.jpg,exculde,,,unlearnable,,,
,train,taxi,218501211.jpg,exculde,,,not classified,,,
,train,vanet,217021452.jpg,relabel,train,savari,wrong image,,,
,unclean,ambulance,199656777.jpg,relabel,unclean,minibus,,,,
,unclean,ambulance,201232370.jpg,exculde,,,unlearnable,,,
,unclean,ambulance,214536826.jpg,relabel,unclean,savari,wrong image,,,
,unclean,ambulance,216086363.jpg,exculde,,,too similar,,,
,unclean,ambulance,216291191.jpg,exculde,,,not classified,,,
,unclean,ambulance,218940365.jpg,exculde,,,not classified,,,
,unclean,ambulance,219052707.jpg,exculde,,,unlearnable,,,
,unclean,kamyun,193873079.jpg,relabel,unclean,kamyun2,wrong image,,,
,unclean,kamyun,194253735.jpg,relabel,unclean,kamyun2,wrong image,,,
,unclean,kamyun,194273205.jpg,exculde,,,unlearnable,,,
,unclean,kamyun,196417710.jpg,exculde,,,unlearnable,,,
,unclean,kamyun,198181313.jpg,relabel,unclean,kamyun2,,,,
,unclean,kamyun,198280548.jpg,exculde,,,,,,
,unclean,kamyun,199605657.jpg,exculde,,,,,,
,unclean,kamyun,202364275.jpg,relabel,unclean,kamyun2,,,,
,unclean,kamyun,205327106.jpg,relabel,unclean,kamyun2,,,,
,unclean,kamyun,206728823.jpg,relabel,unclean,kamyun2,,,,
,unclean,kamyun,207936351.jpg,relabel,unclean,kamyun2,,,,
,unclean,kamyun,210778693.jpg,exculde,,,,,,
,unclean,kamyun,211010019.jpg,relabel,unclean,kamyun2,,,,
,unclean,kamyun,212008183.jpg,exculde,,,,,,
,unclean,kamyun,212492339.jpg,relabel,unclean,kamyun2,,,,
,unclean,kamyun,212511089.jpg,relabel,unclean,kamyun2,,,,
,unclean,kamyun,213331158.jpg,relabel,unclean,kamyun2,,,,
,unclean,kamyun,213750078.jpg,relabel,unclean,kamyun2,,,,
,unclean,kamyun,213879581.jpg,relabel,unclean,kamyun2,,,,
,unclean,kamyun,214288744.jpg,relabel,unclean,kamyun2,,,,
,unclean,kamyun,214493117.jpg,relabel,unclean,kamyun2,,,,
,unclean,kamyun,214632229.jpg,relabel,unclean,kamyun2,,,,
,unclean,kamyun,215406388.jpg,relabel,unclean,kamyun2,,,,
,unclean,kamyun,215416939.jpg,relabel,unclean,kamyun2,,,,
,unclean,kamyun,215545975.jpg,relabel,unclean,kamyun2,,,,
,unclean,kamyun,215657122.jpg,relabel,unclean,kamyun2,,,,
,unclean,kamyun,215675761.jpg,relabel,unclean,kamyun2,,,,
,unclean,kamyun,215678322.jpg,relabel,unclean,kamyun2,,,,
,unclean,kamyun,215686425.jpg,relabel,unclean,kamyun2,,,,
,unclean,kamyun,215696402.jpg,relabel,unclean,kamyun2,,,,
,unclean,kamyun,215743151.jpg,relabel,unclean,kamyun2,,,,
,unclean,kamyun,215762954.jpg,relabel,unclean,kamyun2,,,,
,unclean,kamyun,215807286.jpg,relabel,unclean,kamyun2,,,,
,unclean,kamyun,215894307.jpg,relabel,unclean,kamyun2,,,,
,unclean,kamyun,215897723.jpg,relabel,unclean,kamyun2,,,,
,unclean,kamyun,215908637.jpg,relabel,unclean,kamyun2,,,,
,unclean,kamyun,215910955.jpg,relabel,unclean,kamyun2,,,,
,unclean,kamyun,215943238.jpg,relabel,unclean,kamyun2,,,,
,unclean,kamyun,215958562.jpg,relabel,unclean,kamyun2,,,,
,unclean,kamyun,215987359.jpg,relabel,unclean,kamyun2,,,,
,unclean,kamyun,216019497.jpg,relabel,unclean,kamyun2,,,,
,unclean,kamyun,216025066.jpg,relabel,unclean,kamyun2,,,,
,unclean,kamyun,216037426.jpg,relabel,unclean,kamyun2,,,,
,unclean,kamyun,216087919.jpg,relabel,unclean,kamyun2,,,,
,unclean,kamyun,216104141.jpg,relabel,unclean,kamyun2,,,,
,unclean,kamyun,216144484.jpg,relabel,unclean,kamyun2,,,,
,unclean,kamyun,216147957.jpg,relabel,unclean,kamyun2,,,,
,unclean,kamyun,216165956.jpg,relabel,unclean,kamyun2,,,,
,unclean,kamyun,216204473.jpg,relabel,unclean,kamyun2,,,,
,unclean,kamyun,216328900.jpg,exculde,,,,,,
,unclean,kamyun,216353860.jpg,exculde,,,,,,
,unclean,kamyun,216422242.jpg,relabel,unclean,kamyun2,,,,
,unclean,kamyun,216533545.jpg,relabel,unclean,kamyun2,,,,
,unclean,kamyun,216536045.jpg,relabel,unclean,kamyun2,,,,
,unclean,kamyun,216537889.jpg,relabel,unclean,kamyun2,,,,
,unclean,kamyun,216568882.jpg,relabel,unclean,kamyun2,,,,
,unclean,kamyun,216637785.jpg,exculde,,,,,,
,unclean,kamyun,216647985.jpg,relabel,unclean,kamyun2,,,,
,unclean,kamyun,216648052.jpg,relabel,unclean,kamyun2,,,,
,unclean,kamyun,216677011.jpg,relabel,unclean,kamyun2,,,,
,unclean,kamyun,216768621.jpg,relabel,unclean,kamyun2,,,,
,unclean,kamyun,216849455.jpg,relabel,unclean,kamyun2,,,,
,unclean,kamyun,216854596.jpg,relabel,unclean,kamyun2,,,,
,unclean,kamyun,216864895.jpg,relabel,unclean,kamyun2,,,,
,unclean,kamyun,216962905.jpg,relabel,unclean,kamyun2,,,,
,unclean,kamyun,217000647.jpg,exculde,,,,,,
,unclean,kamyun,217066957.jpg,relabel,unclean,kamyun2,,,,
,unclean,kamyun,217070577.jpg,relabel,unclean,kamyun2,,,,
,unclean,kamyun,217114315.jpg,relabel,unclean,kamyun2,,,,
,unclean,kamyun,217183554.jpg,relabel,unclean,kamyun2,,,,
,unclean,kamyun,217190222.jpg,exculde,,,,,,
,unclean,kamyun,217903362.jpg,relabel,unclean,kamyun2,,,,
,unclean,kamyun,217922047.jpg,relabel,unclean,kamyun2,,,,
,unclean,kamyun,217940022.jpg,relabel,unclean,kamyun2,,,,
,unclean,kamyun,218039449.jpg,relabel,unclean,kamyun2,,,,
,unclean,kamyun,218097257.jpg,exculde,,,,,,
,unclean,kamyun,218134792.jpg,relabel,unclean,kamyun2,,,,
,unclean,kamyun,218163443.jpg,relabel,unclean,kamyun2,,,,
,unclean,kamyun,218199412.jpg,relabel,unclean,kamyun2,,,,
,unclean,kamyun,218208780.jpg,relabel,unclean,kamyun2,,,,
,unclean,kamyun,218259112.jpg,relabel,unclean,kamyun2,,,,
,unclean,kamyun,218342110.jpg,relabel,unclean,kamyun2,,,,
,unclean,kamyun,218572201.jpg,relabel,unclean,kamyun2,,,,
,unclean,kamyun,218559449.jpg,exculde,,,,,,
,unclean,kamyun,218596968.jpg,relabel,unclean,kamyun2,,,,
,unclean,kamyun,218601432.jpg,relabel,unclean,kamyun2,,,,
,unclean,kamyun,218609300.jpg,relabel,unclean,kamyun2,,,,
,unclean,kamyun,218639875.jpg,relabel,unclean,kamyun2,,,,
,unclean,kamyun,218715737.jpg,relabel,unclean,kamyun2,,,,
,unclean,kamyun,218720713.jpg,relabel,unclean,kamyun2,,,,
,unclean,kamyun,218720842.jpg,relabel,unclean,kamyun2,,,,
,unclean,kamyun,218795910.jpg,exculde,,,,,,
,unclean,kamyun,218849140.jpg,relabel,unclean,kamyun2,,,,
,unclean,kamyun,218860925.jpg,relabel,unclean,kamyun2,,,,
,unclean,kamyun,218877388.jpg,relabel,unclean,kamyun2,,,,
,unclean,kamyun,218913056.jpg,relabel,unclean,kamyun2,,,,
,unclean,kamyun,218927452.jpg,relabel,unclean,kamyun2,,,,
,unclean,kamyun,218942767.jpg,relabel,unclean,kamyun2,,,,
,unclean,kamyun,218951797.jpg,relabel,unclean,kamyun2,,,,
,unclean,kamyun,218981964.jpg,relabel,unclean,kamyun2,,,,
,unclean,kamyun,218983235.jpg,relabel,unclean,kamyun2,,,,
,unclean,kamyun,218984838.jpg,relabel,unclean,kamyun2,,,,
,unclean,kamyun,218990997.jpg,relabel,unclean,kamyun2,,,,
,unclean,kamyun,219012783.jpg,relabel,unclean,kamyun2,,,,
,unclean,kamyun,219050932.jpg,relabel,unclean,kamyun2,,,,
,unclean,kamyun,219057807.jpg,relabel,unclean,kamyun2,,,,
,unclean,kamyun,219084652.jpg,relabel,unclean,kamyun2,,,,
,unclean,kamyun,219121462.jpg,relabel,unclean,kamyun2,,,,
,unclean,kamyun,197203445.jpg,exculde,,,,,,
,unclean,kamyun,198440602.jpg,exculde,,,,,,
,unclean,kamyun,198657567.jpg,exculde,,,,,,
,unclean,kamyun,199636802.jpg,relabel,unclean,kamyun2,,,,
,unclean,kamyun,209576488.jpg,relabel,unclean,kamyun2,,,,
,unclean,kamyun,212564070.jpg,exculde,,,,,,
,unclean,kamyunet,218340234.jpg,relabel,unclean,minibus,,,,
,unclean,minibus,214524899.jpg,exculde,,,not classified,,,
,unclean,minibus,214848754.jpg,exculde,,,not classified,,,
,unclean,minibus,216433429.jpg,exculde,,,,,,
,unclean,minibus,217239328.jpg,exculde,,,,,,
,unclean,minibus,217952305.jpg,exculde,,,,,,
,unclean,taxi,216611461.jpg,exculde,,,,,,
,unclean,taxi,216809988.jpg,exculde,,,,,,
,unclean,taxi,217212092.jpg,exculde,,,,,,
,unclean,taxi,217253719.jpg,exculde,,,,,,
,unclean,taxi,217605723.jpg,relabel,unclean,savari,,,,
,unclean,taxi,218311093.jpg,exculde,,,,,,
,,vanet,209939482.jpg,relabel,unclean,savari,,,,
too similar,,,,,,,,,,
,,,,,,,,,,
,,minibus,216631528.jpg,exclude,,,,,,
,,autobus,216036079.jpg,exclude,,,,,,
,,minibus,216573266.jpg,exclude,,,,,,
,,minibus,216875575.jpg,exclude,,,,,,
,,autobus,216010502.jpg,exclude,,,,,,
,,kamyunet,216581893.jpg,exclude,,,,,,
,,ambulance,215980770.jpg,exclude,,,,,,
,,autobus,216967854.jpg,exclude,,,,,,
,,minibus,215934908.jpg,exclude,,,,,,
,,minibus,217234709.jpg,exclude,,,,,,
,,autobus,217091265.jpg,exclude,,,,,,
,,minibus,205923148.jpg,exclude,,,,,,
