,split,class,filename,action,new_split,new_class,reason,,Uniques,counts
primary manual check,,,,,,,,,,
,test,ambulance,215936132.jpg,relabel,test,savari,wrong photo,,relabel,9
,test,kamyun,216957598.jpg,relabel,test,kamyunet,wrong photo,,exclude,53
,test,kamyun,194250338.jpg,relabel,test,kamyunet,wrong photo,,,
,test,kamyun,195970927.jpg,relabel,test,kamyunet,wrong photo,,,
,test,kamyun,212881811.jpg,relabel,test,kamyunet,wrong photo,,,
,test,kamyun,215104031.jpg,relabel,test,kamyunet,wrong photo,,,
,test,kamyun,215619169.jpg,relabel,test,kamyunet,wrong photo,,,
,test,kamyun,216005873.jpg,relabel,test,kamyunet,wrong photo,,,
,test,kamyun,216034399.jpg,relabel,test,kamyunet,wrong photo,,,
,test,kamyun,216769012.jpg,relabel,test,kamyunet,wrong photo,,,
,test,kamyun,216852176.jpg,relabel,test,kamyunet,wrong photo,,,
,test,kamyun,216957598.jpg,relabel,test,kamyunet,wrong photo,,,
,test,kamyun,217258940.jpg,relabel,test,kamyunet,wrong photo,,,
,test,kamyun,218185920.jpg,relabel,test,kamyunet,wrong photo,,,
,test,kamyun,218618273.jpg,relabel,test,kamyunet,wrong photo,,,
,test,kamyun,218716785.jpg,relabel,test,kamyunet,wrong photo,,,
,test,minibus,216335737.jpg,exclude,test,,non-classified,,,
,train,kamyun,200464110.jpg,relabel,train,kamyunet,wrong photo,,,
,train,kamyun,214372132.jpg,relabel,train,kamyunet,wrong photo,,,
,train,kamyun,214831926.jpg,relabel,train,kamyunet,wrong photo,,,
,train,kamyun,215893105.jpg,relabel,train,kamyunet,wrong photo,,,
,train,kamyun,215953828.jpg,relabel,train,kamyunet,wrong photo,,,
,train,kamyun,215989939.jpg,relabel,train,kamyunet,wrong photo,,,
,train,kamyun,216040476.jpg,relabel,train,kamyunet,wrong photo,,,
,train,kamyun,216045038.jpg,relabel,train,kamyunet,wrong photo,,,
,train,kamyun,216147955.jpg,relabel,train,kamyunet,wrong photo,,,
,train,kamyun,216847004.jpg,relabel,train,kamyunet,wrong photo,,,
,train,kamyun,217685543.jpg,relabel,train,kamyunet,wrong photo,,,
,train,kamyun,218431091.jpg,relabel,train,kamyunet,wrong photo,,,
,train,kamyun,218935445.jpg,relabel,train,kamyunet,wrong photo,,,
,train,kamyun,218936367.jpg,relabel,train,kamyunet,wrong photo,,,
,train,minibus,209781589.jpg,relabel,train,kamyunet,wrong photo,,,
,train,taxi,216860191.jpg,exclude,train,,unlearnable,,,
,train,taxi,217255043.jpg,exclude,train,,non-classified,,,
,train,taxi,218147453.jpg,exclude,train,,non-classified,,,
,train,taxi,218268791.jpg,exclude,train,,non-classified,,,
,train,vanet,208237798.jpg,exclude,train,,unlearnable,,,
,unclean,ambulance,200420286.jpg,relabel,unclean,vanet,wrong photo,,,
,unclean,kamyun,200457547.jpg,relabel,unclean,kamyunet,wrong photo,,,
,unclean,kamyun,203161511.jpg,relabel,unclean,kamyunet,wrong photo,,,
,unclean,kamyun,205437377.jpg,relabel,unclean,kamyunet,wrong photo,,,
,unclean,kamyun,209859136.jpg,relabel,unclean,kamyunet,wrong photo,,,
,unclean,kamyun,215724393.jpg,relabel,unclean,kamyunet,wrong photo,,,
,unclean,kamyun,215816828.jpg,relabel,unclean,kamyunet,wrong photo,,,
,unclean,kamyun,216212208.jpg,relabel,unclean,kamyunet,wrong photo,,,
,unclean,kamyun,216484088.jpg,relabel,unclean,kamyunet,wrong photo,,,
,unclean,kamyun,216792837.jpg,relabel,unclean,kamyunet,wrong photo,,,
,unclean,kamyun,216850292.jpg,relabel,unclean,kamyunet,wrong photo,,,
,unclean,kamyun,216926294.jpg,relabel,unclean,kamyunet,wrong photo,,,
,unclean,kamyun,216972904.jpg,relabel,unclean,kamyunet,wrong photo,,,
,unclean,kamyun,217393780.jpg,relabel,unclean,kamyunet,wrong photo,,,
,unclean,kamyun,217998174.jpg,relabel,unclean,kamyunet,wrong photo,,,
,unclean,kamyun,218562521.jpg,relabel,unclean,kamyunet,wrong photo,,,
,unclean,kamyun,218576473.jpg,relabel,unclean,kamyunet,wrong photo,,,
,unclean,kamyun,218572695.jpg,relabel,unclean,kamyunet,wrong photo,,,
,unclean,kamyun,218721747.jpg,relabel,unclean,kamyunet,wrong photo,,,
,unclean,kamyun,218755560.jpg,relabel,unclean,kamyunet,wrong photo,,,
,unclean,kamyun,218800079.jpg,relabel,unclean,kamyunet,wrong photo,,,
,unclean,kamyun,218978195.jpg,relabel,unclean,kamyunet,wrong photo,,,
,unclean,minibus,214507352.jpg,exclude,unclean,,unlearnable,,,
,unclean,minibus,218724931.jpg,exclude,unclean,,unlearnable,,,
,unclean,vanet,214785158.jpg,exclude,unclean,,unlearnable,,,
after 100& Duplicate script review,,,,,,,,,,
,unclean,ambulance,199984667.jpg,exclude,unclean,0,duplicate of train/ambulance/199984667.jpg (phash sim=1.00),,,
,unclean,ambulance,200396165.jpg,exclude,unclean,0,duplicate of test/ambulance/200396165.jpg (phash sim=1.00),,,
,unclean,ambulance,206808986.jpg,exclude,unclean,0,duplicate of train/ambulance/206808986.jpg (phash sim=1.00),,,
,unclean,ambulance,208738861.jpg,exclude,unclean,0,duplicate of train/ambulance/208738861.jpg (phash sim=1.00),,,
,unclean,ambulance,213342200.jpg,exclude,unclean,0,duplicate of train/ambulance/213342200.jpg (phash sim=1.00),,,
,unclean,ambulance,213801906.jpg,exclude,unclean,0,duplicate of train/ambulance/213801906.jpg (phash sim=1.00),,,
,unclean,ambulance,214830125.jpg,exclude,unclean,0,duplicate of test/ambulance/214830125.jpg (phash sim=1.00),,,
,unclean,ambulance,215713763.jpg,exclude,unclean,0,duplicate of test/ambulance/215713763.jpg (phash sim=1.00),,,
,unclean,ambulance,216095686.jpg,exclude,unclean,0,duplicate of test/ambulance/216095686.jpg (phash sim=1.00),,,
,unclean,ambulance,216216403.jpg,exclude,unclean,0,duplicate of train/ambulance/216216403.jpg (phash sim=1.00),,,
,unclean,ambulance,217040489.jpg,exclude,unclean,0,duplicate of test/ambulance/217040489.jpg (phash sim=1.00),,,
,unclean,ambulance,218089422.jpg,exclude,unclean,0,duplicate of test/ambulance/218089422.jpg (phash sim=1.00),,,
,unclean,ambulance,218591595.jpg,exclude,unclean,0,duplicate of train/ambulance/218591595.jpg (phash sim=1.00),,,
,unclean,ambulance,218966979.jpg,exclude,unclean,0,duplicate of train/ambulance/218966979.jpg (phash sim=1.00),,,
,unclean,autobus,218337345.jpg,exclude,unclean,0,duplicate of train/autobus/218337345.jpg (phash sim=1.00),,,
,unclean,kamyunet,193903806.jpg,exclude,unclean,0,duplicate of train/kamyunet/193903806.jpg (phash sim=1.00),,,
,unclean,kamyunet,194270924.jpg,exclude,unclean,0,duplicate of train/kamyunet/194270924.jpg (phash sim=1.00),,,
,unclean,kamyunet,195578789.jpg,exclude,unclean,0,duplicate of train/kamyunet/195578789.jpg (phash sim=1.00),,,
,unclean,kamyunet,217156552.jpg,exclude,unclean,0,duplicate of train/kamyunet/217156552.jpg (phash sim=1.00),,,
,unclean,minibus,198331521.jpg,exclude,unclean,0,duplicate of train/minibus/198331521.jpg (phash sim=1.00),,,
,unclean,minibus,205737488.jpg,exclude,unclean,0,duplicate of train/minibus/205737488.jpg (phash sim=1.00),,,
,unclean,minibus,218138154.jpg,exclude,unclean,0,duplicate of test/minibus/218138154.jpg (phash sim=1.00),,,
,unclean,minibus,218307381.jpg,exclude,unclean,0,duplicate of test/minibus/218307381.jpg (phash sim=1.00),,,
,unclean,neysan,214844236.jpg,exclude,unclean,,duplicate of a photo in  train,,,
redistribution,,,,,,,,,,
,test,vanet,195003645.jpg,relabel,test,neysan,redistribution of neysan,,,
,test,vanet,197277284.jpg,relabel,test,neysan,redistribution of neysan,,,
,test,vanet,197500908.jpg,relabel,test,neysan,redistribution of neysan,,,
,test,vanet,198081331.jpg,relabel,test,neysan,redistribution of neysan,,,
,test,vanet,198532786.jpg,relabel,test,neysan,redistribution of neysan,,,
,test,vanet,200792774.jpg,relabel,test,neysan,redistribution of neysan,,,
,test,vanet,203362157.jpg,relabel,test,neysan,redistribution of neysan,,,
,test,vanet,203938980.jpg,relabel,test,neysan,redistribution of neysan,,,
,test,vanet,204405545.jpg,relabel,test,neysan,redistribution of neysan,,,
,test,vanet,205788026.jpg,relabel,test,neysan,redistribution of neysan,,,
,test,vanet,206157146.jpg,relabel,test,neysan,redistribution of neysan,,,
,test,vanet,207089258.jpg,relabel,test,neysan,redistribution of neysan,,,
,test,vanet,207588795.jpg,relabel,test,neysan,redistribution of neysan,,,
,test,vanet,207864719.jpg,relabel,test,neysan,redistribution of neysan,,,
,test,vanet,208195180.jpg,relabel,test,neysan,redistribution of neysan,,,
,test,vanet,208431179.jpg,relabel,test,neysan,redistribution of neysan,,,
,test,vanet,209303406.jpg,relabel,test,neysan,redistribution of neysan,,,
,test,vanet,209893847.jpg,relabel,test,neysan,redistribution of neysan,,,
,test,vanet,211397697.jpg,relabel,test,neysan,redistribution of neysan,,,
,test,vanet,211681485.jpg,relabel,test,neysan,redistribution of neysan,,,
,test,vanet,212205108.jpg,relabel,test,neysan,redistribution of neysan,,,
,test,vanet,212916547.jpg,relabel,test,neysan,redistribution of neysan,,,
,test,vanet,213393744.jpg,relabel,test,neysan,redistribution of neysan,,,
,test,vanet,213775881.jpg,relabel,test,neysan,redistribution of neysan,,,
,test,vanet,214782972.jpg,relabel,test,neysan,redistribution of neysan,,,
,test,vanet,215607701.jpg,relabel,test,neysan,redistribution of neysan,,,
,test,vanet,216279064.jpg,relabel,test,neysan,redistribution of neysan,,,
,test,vanet,216727686.jpg,relabel,test,neysan,redistribution of neysan,,,
,test,vanet,217192410.jpg,relabel,test,neysan,redistribution of neysan,,,
,test,vanet,217977559.jpg,relabel,test,neysan,redistribution of neysan,,,
,test,vanet,218061222.jpg,relabel,test,neysan,redistribution of neysan,,,
,test,vanet,218311235.jpg,relabel,test,neysan,redistribution of neysan,,,
,test,vanet,218438512.jpg,relabel,test,neysan,redistribution of neysan,,,
,test,vanet,218886563.jpg,relabel,test,neysan,redistribution of neysan,,,
,test,vanet,218939947.jpg,relabel,test,neysan,redistribution of neysan,,,
,train,vanet,194840733.jpg,relabel,train,neysan,redistribution of neysan,,,
,train,vanet,195737410.jpg,relabel,train,neysan,redistribution of neysan,,,
,train,vanet,196587192.jpg,relabel,train,neysan,redistribution of neysan,,,
,train,vanet,197030864.jpg,relabel,train,neysan,redistribution of neysan,,,
,train,vanet,197410959.jpg,relabel,train,neysan,redistribution of neysan,,,
,train,vanet,197642949.jpg,relabel,train,neysan,redistribution of neysan,,,
,train,vanet,197702697.jpg,relabel,train,neysan,redistribution of neysan,,,
,train,vanet,197762795.jpg,relabel,train,neysan,redistribution of neysan,,,
,train,vanet,198521244.jpg,relabel,train,neysan,redistribution of neysan,,,
,train,vanet,199411077.jpg,relabel,train,neysan,redistribution of neysan,,,
,train,vanet,200533750.jpg,relabel,train,neysan,redistribution of neysan,,,
,train,vanet,200823882.jpg,relabel,train,neysan,redistribution of neysan,,,
,train,vanet,201998076.jpg,relabel,train,neysan,redistribution of neysan,,,
,train,vanet,203270338.jpg,relabel,train,neysan,redistribution of neysan,,,
,train,vanet,205262878.jpg,relabel,train,neysan,redistribution of neysan,,,
,train,vanet,207057519.jpg,relabel,train,neysan,redistribution of neysan,,,
,train,vanet,207379908.jpg,relabel,train,neysan,redistribution of neysan,,,
,train,vanet,207803201.jpg,relabel,train,neysan,redistribution of neysan,,,
,train,vanet,208237798.jpg,relabel,train,neysan,redistribution of neysan,,,
,train,vanet,208328663.jpg,relabel,train,neysan,redistribution of neysan,,,
,train,vanet,212199241.jpg,relabel,train,neysan,redistribution of neysan,,,
,train,vanet,214572271.jpg,relabel,train,neysan,redistribution of neysan,,,
,train,vanet,214596732.jpg,relabel,train,neysan,redistribution of neysan,,,
,train,vanet,214844236.jpg,relabel,train,neysan,redistribution of neysan,,,
,train,vanet,216034128.jpg,relabel,train,neysan,redistribution of neysan,,,
,train,vanet,216107182.jpg,relabel,train,neysan,redistribution of neysan,,,
,train,vanet,216352099.jpg,relabel,train,neysan,redistribution of neysan,,,
,train,vanet,217558673.jpg,relabel,train,neysan,redistribution of neysan,,,
,train,vanet,217970196.jpg,relabel,train,neysan,redistribution of neysan,,,
,train,vanet,218059558.jpg,relabel,train,neysan,redistribution of neysan,,,
,train,vanet,218080336.jpg,relabel,train,neysan,redistribution of neysan,,,
,train,vanet,218080868.jpg,relabel,train,neysan,redistribution of neysan,,,
,train,vanet,218481035.jpg,relabel,train,neysan,redistribution of neysan,,,
,train,vanet,218579053.jpg,relabel,train,neysan,redistribution of neysan,,,
,train,vanet,218667942.jpg,relabel,train,neysan,redistribution of neysan,,,
,train,vanet,218753316.jpg,relabel,train,neysan,redistribution of neysan,,,
,unclean,vanet,194853070.jpg,relabel,unclean,neysan,redistribution of neysan,,,
,unclean,vanet,195080365.jpg,relabel,unclean,neysan,redistribution of neysan,,,
,unclean,vanet,195673270.jpg,relabel,unclean,neysan,redistribution of neysan,,,
,unclean,vanet,197495997.jpg,relabel,unclean,neysan,redistribution of neysan,,,
,unclean,vanet,197551635.jpg,relabel,unclean,neysan,redistribution of neysan,,,
,unclean,vanet,197560785.jpg,relabel,unclean,neysan,redistribution of neysan,,,
,unclean,vanet,197678284.jpg,relabel,unclean,neysan,redistribution of neysan,,,
,unclean,vanet,197880860.jpg,relabel,unclean,neysan,redistribution of neysan,,,
,unclean,vanet,197959333.jpg,relabel,unclean,neysan,redistribution of neysan,,,
,unclean,vanet,198195169.jpg,relabel,unclean,neysan,redistribution of neysan,,,
,unclean,vanet,198661396.jpg,relabel,unclean,neysan,redistribution of neysan,,,
,unclean,vanet,199401055.jpg,relabel,unclean,neysan,redistribution of neysan,,,
,unclean,vanet,200802999.jpg,relabel,unclean,neysan,redistribution of neysan,,,
,unclean,vanet,203454250.jpg,relabel,unclean,neysan,redistribution of neysan,,,
,unclean,vanet,204859983.jpg,relabel,unclean,neysan,redistribution of neysan,,,
,unclean,vanet,206095693.jpg,relabel,unclean,neysan,redistribution of neysan,,,
,unclean,vanet,207412597.jpg,relabel,unclean,neysan,redistribution of neysan,,,
,unclean,vanet,208014246.jpg,relabel,unclean,neysan,redistribution of neysan,,,
,unclean,vanet,208570612.jpg,relabel,unclean,neysan,redistribution of neysan,,,
,unclean,vanet,208582339.jpg,relabel,unclean,neysan,redistribution of neysan,,,
,unclean,vanet,208586813.jpg,relabel,unclean,neysan,redistribution of neysan,,,
,unclean,vanet,208671162.jpg,relabel,unclean,neysan,redistribution of neysan,,,
,unclean,vanet,209233623.jpg,relabel,unclean,neysan,redistribution of neysan,,,
,unclean,vanet,212107731.jpg,relabel,unclean,neysan,redistribution of neysan,,,
,unclean,vanet,212275461.jpg,relabel,unclean,neysan,redistribution of neysan,,,
,unclean,vanet,213306634.jpg,relabel,unclean,neysan,redistribution of neysan,,,
,unclean,vanet,215055953.jpg,relabel,unclean,neysan,redistribution of neysan,,,
,unclean,vanet,215821681.jpg,relabel,unclean,neysan,redistribution of neysan,,,
,unclean,vanet,215996114.jpg,relabel,unclean,neysan,redistribution of neysan,,,
,unclean,vanet,216085337.jpg,relabel,unclean,neysan,redistribution of neysan,,,
,unclean,vanet,216245889.jpg,relabel,unclean,neysan,redistribution of neysan,,,
,unclean,vanet,216752426.jpg,relabel,unclean,neysan,redistribution of neysan,,,
,unclean,vanet,217624535.jpg,relabel,unclean,neysan,redistribution of neysan,,,
,unclean,vanet,217670439.jpg,relabel,unclean,neysan,redistribution of neysan,,,
,unclean,vanet,218187967.jpg,relabel,unclean,neysan,redistribution of neysan,,,
"too similar photos, risk of data leakage",,,,,,,,,,
,unclean,minibus,215772703.jpg,exclude,,,risk of data leakage,,,
