similarity,cluster_num,same_class,class_a,class_b,same_split,split_a,split_b,filename_a,path_a,filename_b,path_b,auto_decision
1.0000,2,True,ambulance,ambulance,False,test,unclean,200396165.jpg,dataset/raw/test/ambulance/200396165.jpg,200396165.jpg,dataset/raw/unclean/ambulance/200396165.jpg,"keep A, exclude B"
1.0000,2,True,ambulance,ambulance,False,test,unclean,214830125.jpg,dataset/raw/test/ambulance/214830125.jpg,214830125.jpg,dataset/raw/unclean/ambulance/214830125.jpg,"keep A, exclude B"
1.0000,2,True,ambulance,ambulance,False,test,unclean,215713763.jpg,dataset/raw/test/ambulance/215713763.jpg,215713763.jpg,dataset/raw/unclean/ambulance/215713763.jpg,"keep A, exclude B"
1.0000,2,True,ambulance,ambulance,False,test,unclean,216095686.jpg,dataset/raw/test/ambulance/216095686.jpg,216095686.jpg,dataset/raw/unclean/ambulance/216095686.jpg,"keep A, exclude B"
1.0000,2,True,ambulance,ambulance,False,test,unclean,217040489.jpg,dataset/raw/test/ambulance/217040489.jpg,217040489.jpg,dataset/raw/unclean/ambulance/217040489.jpg,"keep A, exclude B"
1.0000,2,True,ambulance,ambulance,False,test,unclean,218089422.jpg,dataset/raw/test/ambulance/218089422.jpg,218089422.jpg,dataset/raw/unclean/ambulance/218089422.jpg,"keep A, exclude B"
1.0000,2,True,minibus,minibus,False,test,unclean,218138154.jpg,dataset/raw/test/minibus/218138154.jpg,218138154.jpg,dataset/raw/unclean/minibus/218138154.jpg,"keep A, exclude B"
1.0000,2,True,minibus,minibus,False,test,unclean,218307381.jpg,dataset/raw/test/minibus/218307381.jpg,218307381.jpg,dataset/raw/unclean/minibus/218307381.jpg,"keep A, exclude B"
1.0000,2,True,ambulance,ambulance,False,train,unclean,199984667.jpg,dataset/raw/train/ambulance/199984667.jpg,199984667.jpg,dataset/raw/unclean/ambulance/199984667.jpg,"keep A, exclude B"
1.0000,2,True,ambulance,ambulance,False,train,unclean,206808986.jpg,dataset/raw/train/ambulance/206808986.jpg,206808986.jpg,dataset/raw/unclean/ambulance/206808986.jpg,"keep A, exclude B"
1.0000,2,True,ambulance,ambulance,False,train,unclean,208738861.jpg,dataset/raw/train/ambulance/208738861.jpg,208738861.jpg,dataset/raw/unclean/ambulance/208738861.jpg,"keep A, exclude B"
1.0000,2,True,ambulance,ambulance,False,train,unclean,213342200.jpg,dataset/raw/train/ambulance/213342200.jpg,213342200.jpg,dataset/raw/unclean/ambulance/213342200.jpg,"keep A, exclude B"
1.0000,2,True,ambulance,ambulance,False,train,unclean,213801906.jpg,dataset/raw/train/ambulance/213801906.jpg,213801906.jpg,dataset/raw/unclean/ambulance/213801906.jpg,"keep A, exclude B"
1.0000,2,True,ambulance,ambulance,False,train,unclean,216216403.jpg,dataset/raw/train/ambulance/216216403.jpg,216216403.jpg,dataset/raw/unclean/ambulance/216216403.jpg,"keep A, exclude B"
1.0000,2,True,ambulance,ambulance,False,train,unclean,218591595.jpg,dataset/raw/train/ambulance/218591595.jpg,218591595.jpg,dataset/raw/unclean/ambulance/218591595.jpg,"keep A, exclude B"
1.0000,2,True,ambulance,ambulance,False,train,unclean,218966979.jpg,dataset/raw/train/ambulance/218966979.jpg,218966979.jpg,dataset/raw/unclean/ambulance/218966979.jpg,"keep A, exclude B"
1.0000,2,True,autobus,autobus,False,train,unclean,218337345.jpg,dataset/raw/train/autobus/218337345.jpg,218337345.jpg,dataset/raw/unclean/autobus/218337345.jpg,"keep A, exclude B"
1.0000,2,True,kamyunet,kamyunet,False,train,unclean,193903806.jpg,dataset/raw/train/kamyunet/193903806.jpg,193903806.jpg,dataset/raw/unclean/kamyunet/193903806.jpg,"keep A, exclude B"
1.0000,2,True,kamyunet,kamyunet,False,train,unclean,194270924.jpg,dataset/raw/train/kamyunet/194270924.jpg,194270924.jpg,dataset/raw/unclean/kamyunet/194270924.jpg,"keep A, exclude B"
1.0000,2,True,kamyunet,kamyunet,False,train,unclean,195578789.jpg,dataset/raw/train/kamyunet/195578789.jpg,195578789.jpg,dataset/raw/unclean/kamyunet/195578789.jpg,"keep A, exclude B"
1.0000,2,True,kamyunet,kamyunet,False,train,unclean,217156552.jpg,dataset/raw/train/kamyunet/217156552.jpg,217156552.jpg,dataset/raw/unclean/kamyunet/217156552.jpg,"keep A, exclude B"
1.0000,2,True,minibus,minibus,False,train,unclean,198331521.jpg,dataset/raw/train/minibus/198331521.jpg,198331521.jpg,dataset/raw/unclean/minibus/198331521.jpg,"keep A, exclude B"
1.0000,2,True,minibus,minibus,False,train,unclean,205737488.jpg,dataset/raw/train/minibus/205737488.jpg,205737488.jpg,dataset/raw/unclean/minibus/205737488.jpg,"keep A, exclude B"
1.0000,2,False,vanet,neysan,False,train,unclean,214844236.jpg,dataset/raw/train/vanet/214844236.jpg,214844236.jpg,dataset/raw/unclean/neysan/214844236.jpg,needs review
