split,class,filename,action,new_split,new_class,reason
unclean,ambulance,199984667.jpg,exclude,unclean,0,duplicate of train/ambulance/199984667.jpg (phash sim=1.00)
unclean,ambulance,200396165.jpg,exclude,unclean,0,duplicate of test/ambulance/200396165.jpg (phash sim=1.00)
unclean,ambulance,206808986.jpg,exclude,unclean,0,duplicate of train/ambulance/206808986.jpg (phash sim=1.00)
unclean,ambulance,208738861.jpg,exclude,unclean,0,duplicate of train/ambulance/208738861.jpg (phash sim=1.00)
unclean,ambulance,213342200.jpg,exclude,unclean,0,duplicate of train/ambulance/213342200.jpg (phash sim=1.00)
unclean,ambulance,213801906.jpg,exclude,unclean,0,duplicate of train/ambulance/213801906.jpg (phash sim=1.00)
unclean,ambulance,214830125.jpg,exclude,unclean,0,duplicate of test/ambulance/214830125.jpg (phash sim=1.00)
unclean,ambulance,215713763.jpg,exclude,unclean,0,duplicate of test/ambulance/215713763.jpg (phash sim=1.00)
unclean,ambulance,216095686.jpg,exclude,unclean,0,duplicate of test/ambulance/216095686.jpg (phash sim=1.00)
unclean,ambulance,216216403.jpg,exclude,unclean,0,duplicate of train/ambulance/216216403.jpg (phash sim=1.00)
unclean,ambulance,217040489.jpg,exclude,unclean,0,duplicate of test/ambulance/217040489.jpg (phash sim=1.00)
unclean,ambulance,218089422.jpg,exclude,unclean,0,duplicate of test/ambulance/218089422.jpg (phash sim=1.00)
unclean,ambulance,218591595.jpg,exclude,unclean,0,duplicate of train/ambulance/218591595.jpg (phash sim=1.00)
unclean,ambulance,218966979.jpg,exclude,unclean,0,duplicate of train/ambulance/218966979.jpg (phash sim=1.00)
unclean,autobus,218337345.jpg,exclude,unclean,0,duplicate of train/autobus/218337345.jpg (phash sim=1.00)
unclean,kamyunet,193903806.jpg,exclude,unclean,0,duplicate of train/kamyunet/193903806.jpg (phash sim=1.00)
unclean,kamyunet,194270924.jpg,exclude,unclean,0,duplicate of train/kamyunet/194270924.jpg (phash sim=1.00)
unclean,kamyunet,195578789.jpg,exclude,unclean,0,duplicate of train/kamyunet/195578789.jpg (phash sim=1.00)
unclean,kamyunet,217156552.jpg,exclude,unclean,0,duplicate of train/kamyunet/217156552.jpg (phash sim=1.00)
unclean,minibus,198331521.jpg,exclude,unclean,0,duplicate of train/minibus/198331521.jpg (phash sim=1.00)
unclean,minibus,205737488.jpg,exclude,unclean,0,duplicate of train/minibus/205737488.jpg (phash sim=1.00)
unclean,minibus,218138154.jpg,exclude,unclean,0,duplicate of test/minibus/218138154.jpg (phash sim=1.00)
unclean,minibus,218307381.jpg,exclude,unclean,0,duplicate of test/minibus/218307381.jpg (phash sim=1.00)
