threshold,coverage,review_rate,num_review,accuracy_accepted,accuracy_review,error_capture_rate
0.3,0.9987029831387808,0.0012970168612191958,1,0.9272727272727272,1.0,0.0
0.4,0.9883268482490273,0.011673151750972763,9,0.9304461942257218,0.6666666666666666,0.05357142857142857
0.5,0.9753566796368353,0.02464332036316472,19,0.9348404255319149,0.631578947368421,0.125
0.6,0.9416342412451362,0.058365758754863814,45,0.9449035812672176,0.6444444444444445,0.2857142857142857
0.7,0.8897535667963683,0.11024643320363164,85,0.9606413994169096,0.6588235294117647,0.5178571428571429
0.8,0.8365758754863813,0.16342412451361868,126,0.9767441860465116,0.6746031746031746,0.7321428571428571
0.85,0.8002594033722439,0.19974059662775617,154,0.9821717990275527,0.7077922077922078,0.8035714285714286
0.9,0.767833981841764,0.23216601815823606,179,0.9864864864864865,0.7318435754189944,0.8571428571428571
0.95,0.7029831387808041,0.29701686121919585,229,0.9907749077490775,0.777292576419214,0.9107142857142857
0.99,0.47341115434500647,0.5265888456549935,406,0.9972602739726028,0.8645320197044335,0.9821428571428571
