class,precision,recall,f1,support
ambulance,0.9,0.9,0.9,10
autobus,1.0,0.9863945578231292,0.9931506849315068,147
kamyun,0.5545454545454546,0.39869281045751637,0.46387832699619774,153
kamyunet,0.5619047619047619,0.7065868263473054,0.6259946949602122,167
minibus,0.9811320754716981,0.9811320754716981,0.9811320754716981,53
savari,0.9609756097560975,0.9800995024875622,0.9704433497536946,201
taxi,0.9946808510638298,0.9639175257731959,0.9790575916230366,194
vanet,0.958974358974359,0.9790575916230366,0.9689119170984456,191
macro avg,0.864026638964525,0.8619851112479304,0.860321080104349,1116
